,18-24,25-34,35-54
0,96,101,463
1,119,160,648
2,61,95,364
3,28,32,113
4,226,291,1016
5,154,182,730
6,60,124,353
7,37,66,212
9,299,323,1151
12,5,10,34
15,10,30,117
16,131,203,743
17,20,29,147
18,26,34,160
19,182,206,686
21,362,436,1462
22,20,14,85
25,52,117,352
26,17,25,122
27,67,88,312
28,45,47,238
29,20,36,139
30,16,11,85
31,182,147,631
32,167,216,886
33,28,43,135
34,163,159,629
35,70,75,340
37,16,45,96
38,4,7,41
39,151,258,973
40,1,4,7
42,20,26,78
43,51,47,271
44,29,73,224
45,48,96,190
48,27,49,193
49,74,135,568
50,6,13,62
51,11,39,111
54,205,233,761
55,12,6,86
56,185,296,954
57,27,37,140
58,249,364,1420
59,26,58,219
60,252,360,1173
61,75,162,509
62,126,204,659
63,163,333,1101
64,24,42,108
66,57,68,240
68,48,115,465
70,90,175,463
72,53,51,157
73,160,250,721
74,16,20,60
77,151,223,768
78,184,319,987
79,30,55,185
80,34,40,142
81,303,399,1637
84,84,164,492
85,123,213,649
87,123,171,480
88,104,171,537
90,79,101,326
91,226,304,1243
92,206,442,1431
94,43,30,160
95,47,70,286
97,14,21,64
98,81,141,487
99,257,274,843
100,5,3,38
101,40,48,173
102,160,166,458
103,30,19,101
104,27,74,244
106,12,39,110
107,273,416,1403
108,11,31,159
109,461,572,1628
110,61,89,361
111,357,376,1356
112,34,90,293
113,26,16,86
115,77,170,486
118,29,98,365
119,241,376,1383
120,282,402,1209
121,107,150,519
124,255,323,1172
125,30,31,102
126,42,73,153
127,192,242,965
129,97,123,392
130,279,373,1257
131,138,193,653
132,39,45,221
133,49,59,152
134,72,99,386
135,135,241,591
136,229,395,1537
137,47,77,209
139,17,35,107
140,35,24,92
141,6,17,40
142,77,129,410
143,34,26,135
144,62,110,406
145,69,85,311
146,69,122,389
147,12,15,64
148,13,29,88
149,55,89,258
151,37,92,348
152,45,100,429
154,14,11,62
155,40,56,167
156,123,213,709
157,111,119,460
159,24,18,76
160,12,23,56
161,8,16,56
162,19,43,170
164,72,93,346
165,18,24,87
166,8,9,41
167,39,61,190
168,53,52,230
169,8,23,73
170,28,29,143
171,148,219,527
173,81,126,392
174,18,25,97
175,35,41,146
176,273,456,1276
177,33,29,94
178,228,419,1163
179,82,118,300
180,20,24,71
181,106,238,680
182,127,146,576
183,109,115,394
184,84,176,430
185,29,57,175
187,38,36,116
188,10,15,53
189,106,180,613
190,21,39,119
192,210,238,782
193,220,361,1120
194,54,72,189
195,247,420,1628
196,10,16,43
197,48,40,114
198,154,182,509
199,234,345,1292
200,38,84,286
201,240,322,1021
202,93,94,368
203,140,159,626
204,25,47,164
205,35,49,155
206,12,5,31
208,24,43,239
209,14,31,83
211,5,12,36
212,114,261,755
213,11,18,66
214,102,142,409
215,5,7,35
216,4,15,43
217,208,226,945
218,6,7,16
219,43,34,179
220,18,27,68
221,16,19,88
222,186,251,867
223,9,11,83
224,71,117,455
226,8,13,59
227,43,60,207
228,44,96,304
229,36,37,142
231,21,7,45
232,18,11,50
233,10,22,60
234,43,51,164
235,12,24,105
238,113,108,349
239,302,382,1111
240,6,18,45
242,7,13,34
243,51,60,141
244,7,8,30
246,31,30,94
248,80,83,279
249,94,106,379
250,71,158,397
251,85,111,419
252,79,199,559
253,18,10,40
254,120,201,432
255,4,5,32
258,44,96,230
260,101,200,620
261,125,323,889
262,66,96,240
263,7,15,64
264,56,68,239
265,40,31,107
266,12,25,68
267,164,308,981
268,20,24,77
269,22,35,94
270,363,315,1270
271,35,43,200
272,85,110,481
273,130,234,775
274,14,28,70
276,169,194,668
277,0,2,3
278,120,267,730
279,90,148,429
280,73,150,415
281,40,39,201
282,31,83,261
283,146,153,554
285,131,173,410
286,124,132,497
287,14,4,49
288,284,353,1176
290,5,10,29
291,58,77,238
292,15,20,62
293,13,18,85
294,10,25,48
295,12,29,172
296,227,428,1314
297,217,226,615
298,38,36,146
299,82,135,460
300,13,50,123
301,18,29,119
302,32,38,131
303,8,20,72
304,102,132,489
305,21,58,150
306,18,38,123
307,136,117,545
308,51,94,242
309,25,24,125
310,216,284,1153
311,0,3,5
312,24,69,186
313,16,7,95
314,5,6,26
316,0,3,18
317,31,63,174
318,235,240,967
319,5,13,37
320,8,17,55
321,4,9,25
322,1,0,9
323,98,181,424
324,40,85,234
325,47,56,214
326,25,25,111
327,2,2,9
328,159,324,888
329,37,64,258
330,226,368,1180
331,118,246,867
333,4,5,18
334,9,17,67
335,3,4,26
336,19,42,101
337,396,535,1717
338,303,465,1542
339,2,2,24
340,5,11,50
341,13,11,36
342,22,29,98
343,119,110,396
344,1,5,17
345,161,264,714
346,70,103,285
347,74,55,267
348,85,101,332
350,1,3,10
352,73,99,261
353,31,40,113
354,288,418,1350
355,3,7,34
356,0,4,8
357,21,52,122
358,6,23,60
360,10,4,26
361,46,52,154
362,3,5,21
363,110,145,444
364,3,8,41
366,12,25,83
367,98,207,614
368,17,30,82
369,1,11,25
370,6,9,36
371,41,57,89
372,98,184,619
373,9,23,81
374,9,8,41
375,52,64,164
376,9,30,63
377,34,40,133
378,16,14,65
380,38,87,196
381,6,14,59
382,25,53,222
383,96,148,392
384,1,11,16
385,15,36,93
386,17,25,70
387,43,54,193
388,156,269,811
389,10,25,109
390,24,39,109
391,45,82,252
392,14,19,96
393,5,8,15
394,152,293,784
396,85,146,453
397,134,229,597
398,107,215,634
399,29,36,94
400,99,201,693
401,3,2,19
402,106,199,721
403,1,5,5
405,12,19,42
407,158,188,603
408,58,97,257
409,55,122,328
410,49,47,206
411,14,27,110
412,3,21,86
413,16,32,65
415,11,14,88
416,48,90,360
417,250,268,1005
418,3,4,16
419,74,98,312
420,5,12,33
421,117,118,454
422,51,64,252
424,1,4,7
425,1,5,20
427,2,5,20
430,44,89,284
432,361,390,1504
433,42,51,166
434,163,235,963
435,27,114,285
436,13,41,91
437,287,343,1300
438,2,11,35
439,12,28,103
441,219,403,1232
442,27,61,199
443,16,21,83
444,89,138,339
445,51,57,212
446,7,16,47
447,50,73,211
448,10,22,71
449,59,108,290
450,6,26,50
451,53,85,241
452,0,3,8
454,50,66,162
455,150,193,522
456,154,197,696
457,2,18,38
459,33,47,178
460,129,235,813
461,179,313,999
462,1,5,14
463,19,37,119
464,38,59,189
465,210,435,1242
466,195,361,972
468,49,63,209
469,16,26,43
471,325,497,1402
472,5,9,29
473,546,377,1070
475,239,315,936
476,91,131,339
478,3,7,28
479,4,8,21
480,0,1,9
481,244,404,1516
482,84,131,464
483,12,5,27
484,1,3,11
485,28,46,170
486,6,11,25
487,0,7,24
488,22,26,90
489,21,40,134
490,18,40,58
492,15,19,65
493,4,9,40
494,8,8,28
495,10,1,64
497,22,39,137
498,13,43,118
499,109,160,534
500,5,11,35
501,192,346,1061
502,44,114,358
503,31,58,212
504,5,8,29
505,101,185,537
506,218,338,1298
507,211,214,763
508,11,24,70
510,160,240,857
511,15,34,110
512,23,24,80
513,2,13,20
514,10,15,37
515,59,76,249
516,29,59,147
517,13,14,29
518,4,13,33
519,9,14,40
520,1,2,20
521,15,34,134
522,18,37,115
523,10,21,60
524,13,15,80
525,42,51,267
526,44,81,206
528,13,24,112
529,1,3,6
530,92,121,598
531,39,52,181
532,4,1,0
533,356,460,1319
534,83,127,528
535,9,29,84
536,43,89,295
537,16,32,93
538,40,77,279
539,6,29,87
540,2,4,26
541,52,49,117
542,16,71,190
543,72,179,459
544,3,16,31
546,60,122,317
547,20,18,96
548,7,15,52
549,4,6,39
550,5,10,41
551,2,5,18
552,12,13,41
553,3,7,32
554,16,21,83
555,7,6,25
556,142,193,722
557,98,140,376
558,2,3,14
559,210,381,1023
560,110,198,595
561,1,3,12
562,51,75,258
563,2,9,35
564,54,86,201
565,17,42,102
566,7,16,42
567,20,33,83
568,131,145,459
569,7,11,44
570,31,29,135
571,121,138,662
572,12,22,44
573,5,8,32
574,128,222,653
575,53,81,252
576,1,2,10
577,5,7,45
578,6,10,53
579,13,12,32
580,3,4,13
581,51,39,182
582,16,29,62
583,399,760,2001
584,139,249,761
586,3,4,20
587,7,6,20
588,357,509,1718
589,54,63,211
590,62,73,346
591,14,15,85
592,72,96,297
593,7,14,31
594,6,11,31
595,3,3,11
596,6,6,22
597,23,25,76
600,3,5,21
601,19,15,57
602,30,86,318
603,9,15,64
604,19,34,97
605,34,32,135
606,11,25,41
607,0,0,7
608,10,14,53
609,6,10,43
610,17,25,77
611,16,67,217
612,71,92,260
613,0,0,5
614,0,0,2
615,16,16,75
616,26,54,118
617,12,13,69
618,3,8,19
619,2,2,9
620,237,295,853
621,32,35,103
622,5,15,24
623,24,26,149
624,14,23,40
625,3,2,9
626,1,4,24
627,31,35,144
628,2,0,11
629,213,281,1043
630,12,25,65
631,19,39,151
632,14,55,145
634,26,37,132
635,44,91,231
636,9,12,27
637,96,124,368
638,8,7,19
639,19,60,168
640,0,6,33
641,35,31,100
642,59,62,207
643,1,1,17
644,194,230,836
645,6,9,32
646,21,36,103
647,13,33,70
648,70,125,394
649,10,8,60
651,350,449,1671
653,94,213,562
654,10,34,89
655,10,7,68
656,1,1,11
657,10,13,21
658,48,103,294
659,133,231,780
660,1,8,27
661,1,2,2
662,7,13,42
663,10,19,61
664,26,33,75
665,2,6,21
666,5,14,41
667,17,25,84
668,52,76,262
669,21,20,63
670,40,61,210
671,3,4,33
672,5,5,17
674,2,5,17
675,22,24,71
676,2,4,14
677,15,19,68
678,23,63,122
679,28,39,130
680,32,48,186
681,22,66,188
682,1,6,12
683,35,59,137
684,229,372,1307
685,2,6,17
686,11,29,84
687,2,3,3
688,3,3,16
689,5,6,16
690,2,1,14
691,1,5,14
692,88,124,281
693,11,12,22
694,81,111,381
695,82,179,537
696,0,0,1
697,0,1,7
698,25,42,165
699,2,16,48
700,42,96,359
701,3,1,12
702,33,48,230
703,2,5,7
704,90,146,556
705,0,3,4
706,0,2,16
707,4,10,18
708,2,3,17
709,0,0,8
710,16,33,55
711,54,109,379
712,0,1,21
713,72,70,287
714,21,23,89
715,2,2,17
716,25,42,122
717,25,31,95
718,3,15,16
719,22,58,167
720,66,114,394
721,3,10,17
722,79,116,429
724,4,6,28
725,4,3,12
726,1,3,16
727,7,7,37
728,12,14,34
730,1,5,41
731,7,15,36
732,1,5,9
734,2,0,9
735,4,8,31
736,118,192,621
737,1,4,10
738,5,9,16
739,10,12,36
740,1,2,9
742,174,287,880
743,4,13,35
744,49,77,183
745,3,4,14
746,15,41,67
747,43,66,170
748,1,8,8
750,1,5,9
751,19,24,40
752,10,7,13
753,60,63,166
755,316,361,1346
756,4,3,31
757,36,49,149
758,94,177,497
759,113,149,463
761,128,160,716
762,15,31,82
763,1,4,21
764,53,83,178
765,144,234,789
766,16,16,41
767,9,11,36
768,120,181,469
769,4,2,29
770,5,3,15
771,5,4,18
772,108,146,447
773,3,2,13
774,1,4,9
775,74,124,249
776,27,69,248
777,8,8,42
778,3,2,12
779,8,11,45
780,2,6,10
781,0,8,35
782,95,224,582
783,1,0,9
784,3,9,30
785,4,16,21
786,8,15,48
787,2,1,9
788,21,39,108
789,12,17,55
790,1,5,13
791,170,237,801
792,6,17,32
793,265,379,1295
794,26,57,179
795,80,126,421
796,5,9,40
797,9,28,116
798,1,5,8
799,4,11,37
800,5,2,13
802,417,483,1305
804,44,90,322
805,26,30,98
806,34,39,106
807,34,43,135
808,0,6,15
809,1,3,12
810,18,27,57
812,78,139,258
813,46,80,242
814,25,23,83
815,22,32,64
816,23,25,60
818,3,10,41
819,65,90,261
820,17,31,71
821,2,1,7
822,14,14,68
823,27,27,112
824,8,3,26
825,0,0,16
826,5,4,22
827,12,18,56
828,341,472,1510
829,37,72,186
830,8,12,27
831,70,106,269
832,20,20,77
833,19,42,154
835,267,327,1311
836,16,16,51
837,17,18,70
838,7,13,47
839,1,5,9
840,0,1,10
841,155,222,607
842,6,13,24
843,64,119,350
844,138,250,939
845,96,147,432
846,3,9,19
847,0,1,13
848,2,5,10
849,11,6,26
850,19,13,62
851,5,9,45
852,0,2,8
853,7,11,38
855,2,0,5
856,19,18,88
857,2,5,17
858,13,26,78
859,8,20,80
860,72,120,276
861,15,10,65
862,0,2,6
863,11,24,56
865,12,13,39
866,11,29,48
867,46,45,218
868,122,191,618
869,98,139,421
870,15,18,96
871,0,2,3
872,32,64,163
873,10,25,74
874,52,65,266
875,0,1,7
876,22,12,82
877,38,65,242
878,52,101,329
879,2,7,13
881,24,21,86
882,0,1,4
883,11,34,49
884,2,3,5
885,1,9,22
886,40,70,162
887,4,11,72
888,206,312,1152
889,125,137,627
890,5,7,13
891,3,1,12
892,35,44,103
893,9,1,25
894,11,29,96
895,40,74,288
896,55,116,221
897,8,18,60
898,188,257,776
899,3,7,42
900,7,5,32
902,2,8,68
903,0,4,12
904,99,136,554
906,68,116,396
907,82,163,540
908,71,128,468
909,300,395,1399
910,0,2,1
911,16,15,79
912,50,140,359
913,0,2,5
914,4,15,42
915,292,403,1347
916,61,83,260
917,5,3,19
918,0,3,15
919,324,542,1700
921,50,132,414
922,84,67,320
923,0,2,10
924,2,11,16
925,25,30,101
926,1,3,7
927,19,56,180
928,10,24,75
929,3,7,16
930,19,33,79
931,133,206,894
932,10,14,36
933,17,30,98
934,278,296,1059
935,64,126,386
936,25,20,65
937,11,28,81
938,4,6,12
939,11,8,18
940,1,2,8
941,0,1,2
942,21,39,126
943,126,220,575
944,44,78,299
945,62,86,268
946,90,159,493
947,18,28,78
948,7,16,39
949,27,57,149
950,8,4,54
951,22,35,130
952,16,31,104
953,0,0,7
954,56,89,245
955,9,6,30
957,12,18,47
958,1,4,19
959,5,13,32
960,4,19,69
961,20,41,102
962,19,29,115
963,1,4,4
964,7,7,55
965,2,3,4
966,1,4,7
967,60,88,244
968,0,1,6
969,100,216,426
970,18,43,119
971,45,58,234
972,1,3,18
973,16,20,53
974,2,2,6
975,288,448,1231
976,2,7,12
977,125,203,616
978,0,4,7
979,6,12,40
980,7,14,30
981,1,2,4
982,100,128,278
983,29,40,169
984,0,0,13
985,125,205,735
986,3,4,4
987,71,120,482
988,10,11,22
989,18,49,104
990,16,23,83
991,21,26,139
992,8,10,44
993,9,15,43
994,38,66,191
995,29,70,215
996,2,9,19
997,258,295,1038
998,3,5,20
1000,11,19,66
1001,56,139,487
1002,100,198,515
1003,12,32,76
1004,0,1,1
1005,0,1,15
1006,55,79,250
1007,78,142,503
1008,4,17,31
1009,1,3,10
1011,28,37,161
1012,13,14,52
1013,16,16,53
1014,0,0,6
1015,2,11,28
1016,3,8,49
1017,111,153,503
1018,11,14,82
1019,1,2,3
1020,15,10,48
1021,23,46,173
1022,10,21,51
1023,7,12,54
1024,345,492,1585
1025,28,26,93
1026,49,111,325
1027,8,5,47
1028,31,50,191
1029,91,155,438
1030,150,247,744
1031,21,50,218
1032,6,4,42
1033,228,347,972
1034,23,32,133
1036,38,86,226
1037,1,4,17
1038,76,87,290
1039,73,113,371
1040,0,11,24
1042,11,18,51
1043,10,7,40
1044,27,84,246
1045,18,56,138
1046,46,111,432
1047,8,14,50
1048,5,16,17
1049,5,4,23
1050,34,38,105
1051,19,46,134
1052,0,0,11
1053,33,74,189
1055,4,0,12
1056,60,147,460
1057,3,12,11
1058,7,15,47
1059,38,66,193
1061,230,269,997
1062,6,13,36
1063,5,11,24
1065,66,63,215
1066,6,8,25
1067,10,9,41
1068,66,109,247
1071,2,3,6
1072,0,2,4
1073,335,608,1407
1074,6,16,40
1075,28,57,160
1076,1,3,10
1077,24,49,141
1078,7,10,36
1079,56,77,251
1080,108,174,468
1081,7,3,17
1082,25,25,109
1083,12,17,40
1084,39,77,207
1085,40,41,154
1086,10,45,111
1087,298,428,1036
1089,5,12,19
1090,151,212,752
1092,1,5,16
1093,78,168,403
1094,2,6,15
1095,64,82,319
1096,86,142,369
1097,5,5,12
1098,28,39,120
1099,1,8,10
1100,82,118,510
1101,2,6,34
1102,149,203,761
1103,10,18,58
1104,25,28,78
1105,5,15,45
1106,174,241,696
1107,76,98,281
1108,34,56,153
1109,32,13,114
1110,87,166,701
1111,15,24,51
1112,37,56,144
1113,190,274,739
1114,2,7,39
1115,6,5,15
1116,5,16,36
1117,0,5,11
1118,2,2,9
1119,0,3,5
1120,4,3,18
1121,180,288,849
1122,4,7,27
1123,51,74,177
1124,8,4,24
1125,3,9,25
1126,17,12,63
1127,36,53,117
1128,80,168,343
1129,125,145,494
1130,12,39,51
1131,137,232,845
1132,15,22,106
1133,27,31,97
1134,22,23,74
1135,3,6,11
1137,1,1,13
1138,12,44,117
1139,1,7,29
1140,43,81,210
1141,7,27,60
1142,0,3,9
1143,0,4,18
1144,22,12,63
1145,15,32,99
1146,62,90,278
1147,67,92,160
1148,3,11,27
1149,248,360,1125
1150,2,0,12
1151,5,6,27
1152,12,13,20
1153,6,20,46
1155,28,40,155
1156,81,141,270
1157,22,25,81
1158,28,31,124
1159,18,20,59
1160,11,12,57
1161,23,57,173
1162,353,502,1633
1163,18,18,81
1164,112,172,533
1165,15,27,66
1166,9,21,42
1167,155,238,595
1168,22,70,135
1169,2,1,9
1170,3,16,48
1171,8,16,37
1172,20,21,65
1173,2,14,23
1174,41,74,210
1175,174,198,785
1176,5,10,32
1177,37,84,261
1178,11,43,104
1179,17,29,116
1180,41,68,217
1181,36,29,101
1182,78,145,374
1183,23,39,107
1184,4,1,14
1185,10,6,39
1186,156,290,605
1187,13,20,74
1188,20,17,79
1189,31,104,377
1190,4,8,25
1191,4,10,29
1192,8,28,112
1193,4,16,62
1194,268,338,749
1195,4,22,42
1196,10,6,31
1197,44,93,322
1198,72,125,320
1199,54,91,207
1200,17,23,50
1201,120,276,531
1202,7,13,26
1203,13,4,36
1204,7,20,56
1205,30,70,239
1206,1,3,6
1207,9,14,16
1208,4,9,31
1209,18,41,117
1210,8,12,34
1211,120,185,578
1212,10,13,48
1213,52,81,208
1214,7,4,20
1215,1,4,4
1216,26,59,159
1217,0,10,33
1218,15,41,92
1219,24,28,107
1220,22,61,171
1221,139,235,731
1222,2,1,15
1223,46,98,243
1224,19,52,63
1225,45,94,310
1226,38,133,231
1227,27,45,112
1228,9,9,27
1229,19,33,114
1230,34,55,145
1231,355,473,1461
1232,14,32,72
1233,21,33,79
1234,12,24,56
1235,43,47,144
1236,22,46,129
1237,1,4,11
1238,30,46,115
1239,5,12,27
1240,13,16,61
1241,2,12,28
1242,26,63,183
1243,57,60,195
1244,279,415,1187
1245,3,19,31
1247,3,7,29
1248,14,32,58
1249,3,1,10
1250,168,306,793
1251,13,24,96
1252,3,17,31
1253,1,4,9
1254,71,77,330
1255,14,15,37
1256,1,10,12
1257,19,32,76
1258,24,45,88
1259,17,27,59
1260,6,3,26
1261,16,16,92
1262,9,28,54
1263,10,24,73
1264,0,3,10
1265,36,31,122
1266,16,40,96
1267,62,64,230
1268,390,448,1739
1269,83,147,596
1270,6,21,32
1271,18,33,113
1273,7,5,30
1274,49,99,234
1275,24,43,91
1276,51,89,284
1277,8,9,18
1278,0,2,4
1279,11,15,47
1280,39,83,290
1281,15,33,62
1282,10,13,73
1283,62,107,410
1284,243,340,820
1286,16,17,46
1287,76,139,458
1288,0,10,14
1289,6,20,54
1291,88,143,474
1292,112,181,513
1293,511,676,1742
1294,15,19,52
1295,0,5,9
1296,5,16,27
1297,3,13,40
1298,28,23,98
1299,1,1,11
1300,15,15,70
1301,1,1,3
1302,68,126,277
1303,6,23,70
1304,108,164,437
1305,14,25,93
1306,300,460,1182
1307,86,124,411
1308,23,41,86
1311,11,44,159
1312,15,24,72
1313,88,109,368
1314,106,121,456
1315,96,95,383
1316,22,37,136
1317,3,9,16
1318,5,18,68
1319,4,5,18
1320,11,16,44
1321,2,4,10
1322,4,1,15
1323,2,6,12
1324,12,31,84
1325,15,30,72
1326,22,25,81
1327,162,213,560
1328,69,89,327
1329,238,318,816
1330,3,4,31
1331,27,34,83
1332,0,1,12
1333,8,25,61
1334,92,135,343
1335,32,81,285
1336,5,11,62
1337,1,4,32
1338,50,98,237
1339,13,22,66
1340,0,3,11
1341,16,30,103
1342,36,82,259
1343,14,19,78
1344,12,16,44
1345,45,78,258
1346,2,2,17
1347,18,25,57
1348,41,63,160
1349,36,42,145
1350,0,3,3
1351,0,4,17
1353,16,59,155
1354,2,0,6
1355,4,8,19
1356,5,14,28
1357,1,3,16
1358,12,14,38
1359,5,7,20
1360,114,141,688
1361,13,28,89
1362,7,5,20
1363,5,14,49
1364,23,26,99
1365,53,53,167
1366,57,95,252
1367,45,53,183
1368,187,268,760
1369,3,2,2
1370,2,9,19
1371,175,250,703
1372,9,20,33
1373,14,59,185
1374,6,13,64
1375,27,29,103
1376,10,33,60
1377,27,41,134
1378,45,55,249
1379,3,6,35
1380,67,120,309
1381,14,26,74
1382,24,37,111
1383,1,1,9
1384,155,213,594
1385,259,437,1060
1386,104,133,452
1387,4,6,22
1388,123,177,522
1389,12,19,86
1390,5,9,59
1391,0,0,8
1392,5,5,43
1394,2,3,37
1395,156,140,676
1396,5,21,42
1397,107,107,568
1398,25,30,106
1400,3,7,15
1401,1,2,14
1402,9,28,77
1403,0,16,35
1405,3,3,5
1406,295,486,1985
1407,8,5,28
1408,14,18,73
1409,16,12,47
1410,117,127,368
1411,2,6,9
1412,344,526,1558
1413,174,253,909
1414,1,4,9
1415,4,29,47
1416,4,35,50
1417,1,8,16
1418,1,15,61
1419,38,71,179
1420,289,400,1341
1421,5,7,35
1422,2,11,22
1423,3,6,18
1424,5,23,47
1425,27,41,168
1427,62,98,294
1428,11,12,34
1429,9,37,79
1431,44,77,302
1432,10,20,43
1433,1,8,5
1434,0,9,21
1435,80,131,311
1436,252,377,845
1437,4,7,20
1438,3,3,10
1439,48,94,350
1440,20,50,146
1441,43,46,150
1442,17,15,80
1443,73,86,301
1444,2,10,22
1445,0,1,2
1446,3,2,9
1447,6,8,14
1448,6,15,62
1449,155,272,748
1450,9,26,100
1451,4,15,39
1452,30,69,174
1453,15,26,74
1454,5,12,26
1455,4,9,21
1456,42,44,291
1457,25,30,78
1458,4,12,46
1459,3,7,33
1461,26,58,186
1462,28,39,163
1463,11,17,62
1465,57,82,273
1466,105,108,788
1468,1,5,10
1469,3,1,25
1470,64,66,211
1471,28,71,189
1472,20,32,107
1473,27,32,77
1474,16,31,81
1475,1,6,18
1476,41,70,303
1477,38,86,254
1478,11,25,71
1479,0,3,7
1480,17,30,78
1481,2,8,33
1482,0,2,11
1484,31,63,250
1485,14,22,77
1486,24,35,109
1487,13,24,97
1488,22,52,111
1489,46,64,240
1490,24,24,143
1491,0,0,2
1492,17,25,45
1493,3,12,35
1494,6,11,57
1495,59,63,180
1496,143,210,554
1497,34,57,230
1498,33,81,191
1499,166,130,569
1500,47,58,247
1501,0,0,10
1502,3,10,29
1503,85,169,603
1504,15,19,57
1505,55,74,268
1506,204,389,779
1507,4,13,20
1508,438,559,1628
1509,20,30,120
1510,9,6,23
1511,18,34,70
1512,0,2,10
1513,63,61,267
1514,9,18,54
1515,58,103,261
1516,2,15,14
1517,17,39,129
1518,4,16,56
1519,70,102,349
1520,1,10,28
1521,248,454,1111
1522,2,8,12
1523,50,146,387
1524,9,17,40
1525,0,0,3
1526,38,86,245
1527,4,9,25
1528,10,18,37
1529,15,30,120
1530,10,22,55
1531,13,17,80
1532,11,11,49
1533,323,467,1193
1534,33,58,116
1535,231,358,1291
1536,47,75,255
1537,52,114,254
1538,172,318,900
1539,3,12,33
1540,8,6,17
1541,110,154,638
1542,60,104,312
1544,4,12,36
1545,33,60,286
1546,13,22,99
1547,1,6,18
1548,89,138,417
1549,229,282,758
1550,151,224,610
1551,16,28,75
1552,7,23,43
1554,5,10,37
1555,41,93,228
1556,11,36,83
1557,6,9,43
1558,0,3,8
1559,4,11,20
1560,103,142,434
1561,14,22,61
1562,67,129,525
1563,219,312,878
1564,49,59,259
1565,0,2,6
1566,52,23,149
1567,22,33,93
1568,1,4,13
1569,66,95,262
1570,1,3,5
1571,28,40,120
1572,4,5,23
1573,1,2,17
1574,21,34,76
1575,2,5,22
1576,143,252,653
1577,89,143,339
1578,35,53,125
1579,4,12,20
1580,339,561,1515
1581,10,27,74
1582,3,6,29
1583,10,12,51
1584,67,68,236
1585,29,31,81
1586,5,18,47
1587,30,96,242
1588,304,413,1412
1589,190,289,948
1590,24,46,120
1591,2,11,22
1592,1,2,4
1593,15,28,121
1594,2,3,22
1595,50,89,206
1596,4,4,16
1597,2,0,11
1598,6,11,37
1599,0,0,4
1600,12,23,41
1601,34,102,246
1602,2,3,15
1603,17,15,73
1604,9,15,58
1605,18,19,72
1606,0,10,20
1607,3,9,27
1608,43,103,311
1609,17,27,79
1610,3,8,16
1611,9,17,80
1612,0,7,8
1613,28,45,108
1614,2,5,20
1616,48,73,237
1617,175,234,757
1618,3,11,34
1619,0,0,7
1620,1,1,17
1621,6,0,10
1622,23,28,100
1623,5,2,15
1624,7,21,69
1625,21,55,103
1626,171,256,628
1627,42,71,203
1629,3,1,15
1630,15,17,41
1631,7,9,21
1632,30,37,181
1633,12,23,83
1634,232,345,882
1635,44,94,257
1636,0,0,9
1638,2,5,14
1639,3,0,8
1640,3,23,57
1641,34,42,187
1642,6,9,28
1643,4,7,15
1644,155,255,703
1645,51,111,345
1646,3,1,8
1647,20,18,90
1648,5,25,48
1649,20,37,89
1650,25,24,50
1651,48,101,182
1652,9,28,91
1653,22,53,126
1654,0,4,8
1656,0,1,5
1657,20,28,96
1658,3,10,42
1659,5,2,11
1660,9,23,69
1661,9,16,77
1662,127,196,622
1663,2,7,24
1664,12,22,56
1666,20,44,108
1667,32,27,134
1668,4,7,13
1669,1,3,14
1670,151,242,660
1672,7,23,44
1673,18,30,78
1674,49,90,264
1675,21,26,110
1676,13,5,16
1677,1,1,8
1678,5,4,23
1679,45,106,229
1680,6,9,46
1681,31,72,172
1682,5,6,23
1683,24,30,123
1684,3,11,41
1685,0,2,1
1686,18,46,139
1687,2,2,4
1688,63,88,356
1689,17,19,108
1690,28,42,117
1691,11,20,77
1692,78,125,381
1693,4,6,17
1694,24,41,103
1696,6,16,26
1697,0,2,18
1698,1,5,19
1699,362,464,1339
1700,0,11,25
1701,4,4,15
1702,2,1,6
1703,0,14,35
1704,38,80,135
1705,0,4,8
1706,1,4,9
1707,12,18,39
1708,22,39,147
1709,75,139,369
1710,14,14,63
1711,6,15,47
1712,2,4,9
1713,10,23,72
1714,20,42,170
1715,4,8,22
1716,12,17,53
1717,4,10,8
1718,0,0,3
1719,3,2,15
1720,35,65,243
1722,6,7,21
1723,3,14,25
1724,75,115,310
1725,8,11,49
1726,16,18,83
1727,1,7,10
1728,0,4,15
1729,1,4,15
1730,3,22,48
1731,74,155,446
1732,7,8,14
1733,1,3,9
1734,124,191,489
1735,289,442,1460
1736,0,4,8
1737,40,67,243
1738,2,9,22
1739,64,108,326
1740,5,36,93
1741,3,10,25
1742,10,20,70
1743,89,125,449
1744,50,91,292
1745,1,2,18
1746,8,11,40
1747,4,5,23
1748,1,2,7
1749,42,25,80
1750,4,11,34
1751,85,114,488
1752,164,176,592
1753,2,9,12
1755,52,59,218
1756,14,15,70
1757,26,40,129
1758,5,16,21
1759,7,11,31
1760,17,11,53
1761,6,10,22
1762,23,36,118
1763,2,4,22
1765,49,72,297
1766,33,46,113
1767,4,13,34
1768,0,5,6
1769,65,90,272
1770,16,42,114
1771,2,2,14
1772,17,25,80
1773,27,40,102
1774,13,20,44
1775,0,2,10
1776,8,23,65
1777,1,7,15
1778,10,14,64
1779,59,116,340
1780,0,0,15
1781,7,22,61
1782,67,56,319
1783,0,0,2
1784,31,39,146
1785,24,45,142
1786,9,7,40
1787,0,0,11
1788,6,0,24
1789,7,7,16
1790,0,1,11
1792,3,11,54
1793,6,17,46
1794,1,5,13
1795,17,39,105
1796,3,4,24
1797,10,19,38
1798,6,14,25
1800,6,19,52
1801,2,8,23
1802,6,5,28
1803,37,69,220
1804,14,8,54
1805,8,20,66
1806,54,83,269
1807,6,12,46
1808,11,18,39
1809,379,478,1429
1810,9,24,41
1811,12,27,74
1812,17,33,67
1813,9,13,16
1814,57,101,248
1815,4,6,12
1816,0,2,13
1817,3,12,19
1818,7,4,16
1819,6,7,15
1820,204,298,970
1823,15,43,115
1824,17,27,88
1825,3,10,22
1826,2,9,26
1827,5,10,44
1828,3,15,26
1829,9,16,44
1830,27,68,161
1831,1,6,7
1832,12,32,78
1833,131,200,700
1835,23,40,69
1836,35,92,282
1837,131,218,663
1838,2,5,34
1839,26,30,117
1841,12,24,65
1842,1,3,20
1843,69,112,319
1844,5,20,19
1845,4,4,13
1846,8,27,39
1847,35,73,208
1848,9,5,30
1849,5,26,46
1850,69,90,319
1851,3,24,30
1852,7,22,42
1853,4,18,30
1854,54,102,239
1855,15,21,51
1856,58,72,260
1857,15,19,73
1859,2,5,7
1861,7,8,31
1862,164,188,608
1863,34,82,215
1864,8,16,58
1865,88,130,359
1866,0,1,4
1867,3,22,55
1868,2,4,23
1869,2,8,16
1870,54,59,203
1871,1,0,12
1872,11,29,52
1873,15,15,34
1874,14,18,59
1875,28,54,162
1876,12,14,44
1877,1,7,12
1878,3,8,20
1879,2,4,33
1880,20,37,134
1881,17,39,107
1882,2,3,11
1883,40,57,172
1884,144,241,741
1885,203,310,1038
1886,6,6,35
1887,24,52,213
1888,0,5,27
1889,35,58,211
1890,1,5,13
1891,2,17,27
1892,15,22,63
1893,0,0,3
1894,9,23,49
1895,8,20,75
1896,13,18,56
1897,17,34,108
1898,7,8,17
1899,39,55,146
1900,31,78,274
1901,3,8,23
1903,0,2,4
1904,6,1,15
1905,8,9,31
1907,9,14,70
1908,35,37,132
1909,10,10,34
1910,50,77,211
1911,153,153,472
1912,21,30,104
1913,0,7,12
1914,107,123,367
1915,150,212,670
1916,7,7,28
1917,5,15,34
1918,12,27,58
1919,3,11,36
1920,5,11,46
1921,159,260,808
1922,2,15,34
1923,19,55,175
1924,23,37,131
1925,4,7,26
1926,47,64,202
1927,21,41,104
1928,13,21,47
1929,33,33,140
1930,68,65,158
1931,61,92,281
1932,9,18,37
1933,2,10,20
1934,0,1,6
1935,17,28,71
1936,12,15,40
1937,25,43,102
1938,79,69,319
1939,10,23,52
1940,9,10,39
1942,115,205,458
1944,81,114,319
1945,5,2,9
1946,2,2,9
1947,163,201,623
1948,0,0,4
1949,32,92,242
1950,3,8,26
1951,47,97,333
1952,31,50,102
1953,6,7,18
1954,26,42,123
1955,29,51,139
1956,19,43,87
1957,6,14,43
1958,2,15,35
1959,16,14,47
1960,59,83,265
1961,137,171,451
1962,140,189,578
1963,47,86,224
1964,9,19,39
1965,7,28,54
1966,11,17,47
1967,84,135,388
1968,10,22,91
1969,2,9,31
1970,3,15,24
1971,167,271,1025
1972,14,30,69
1973,2,15,14
1974,4,3,24
1975,81,125,389
1976,0,3,10
1977,4,21,43
1978,8,5,26
1979,16,11,49
1980,20,34,80
1981,81,140,347
1982,13,8,37
1983,2,21,44
1984,3,4,8
1985,25,45,100
1987,1,16,37
1988,20,25,62
1989,82,101,352
1991,35,48,155
1992,11,33,83
1993,134,215,512
1994,9,18,55
1995,0,2,10
1997,23,34,100
1998,50,80,186
1999,3,6,19
2000,7,10,27
2001,30,38,129
2002,4,2,11
2003,10,25,88
2004,3,15,36
2005,4,12,25
2006,21,23,69
2007,3,6,39
2008,11,11,66
2009,3,9,20
2010,165,217,705
2011,48,69,232
2012,5,10,36
2014,5,20,56
2015,32,74,160
2016,10,14,20
2017,59,85,263
2018,288,461,1416
2019,39,52,256
2020,3,6,22
2021,1,10,25
2022,13,11,40
2023,9,16,50
2024,109,153,366
2025,8,18,52
2026,6,6,31
2027,6,16,41
2028,54,106,368
2029,306,464,1273
2030,42,78,182
2031,50,88,325
2032,2,4,12
2033,35,47,129
2034,114,189,735
2035,3,9,27
2036,298,390,1165
2037,4,10,40
2038,83,93,310
2039,4,18,27
2040,19,20,66
2041,9,19,59
2042,8,9,45
2043,199,241,708
2044,7,10,52
2045,2,8,17
2046,10,4,36
2047,40,75,275
2048,473,616,1863
2049,13,24,71
2050,0,2,10
2051,20,31,93
2052,135,183,540
2053,5,11,34
2054,14,6,43
2055,20,29,129
2056,1,7,20
2057,3,5,18
2058,25,41,134
2059,286,356,978
2060,30,27,75
2061,166,195,692
2062,20,28,96
2063,19,48,142
2064,7,16,64
2065,7,14,34
2066,25,63,193
2067,31,42,135
2068,7,15,72
2069,40,30,95
2070,1,0,4
2071,326,426,1127
2072,14,20,48
2073,386,547,1769
2074,1,1,9
2075,1,4,18
2076,55,107,382
2078,79,151,489
2079,1,11,25
2080,13,22,60
2081,15,16,52
2082,1,0,7
2083,60,97,237
2084,32,81,227
2085,77,79,318
2086,155,231,683
2087,174,318,670
2088,157,211,578
2089,14,22,46
2090,13,22,61
2091,4,3,31
2092,11,18,53
2093,177,234,921
2095,21,27,76
2096,31,54,173
2097,12,12,40
2098,12,13,59
2099,21,21,81
2100,44,79,273
2102,274,418,1161
2103,15,18,65
2104,14,36,139
2105,3,5,28
2106,13,15,30
2107,23,56,161
2108,285,393,1062
2109,3,11,26
2110,10,13,40
2111,7,21,32
2112,2,4,8
2113,39,71,161
2114,32,30,117
2116,7,6,30
2117,8,22,55
2118,32,54,220
2119,11,24,61
2120,11,15,62
2121,4,6,23
2122,29,34,114
2123,22,20,99
2124,322,365,1372
2125,52,91,328
2126,14,27,84
2127,0,1,4
2128,0,6,7
2129,10,26,93
2130,7,8,23
2131,11,8,46
2132,16,29,102
2133,71,101,377
2135,15,27,75
2136,2,7,36
2137,31,56,180
2138,8,17,45
2140,78,130,308
2141,5,15,40
2142,11,6,35
2143,21,26,56
2144,1,5,11
2145,2,5,21
2146,1,0,3
2147,2,7,20
2148,7,10,23
2149,0,0,7
2150,3,9,15
2151,52,101,365
2152,6,14,55
2154,78,127,358
2155,42,100,276
2156,143,243,619
2157,13,17,55
2158,4,12,16
2159,39,84,266
2160,1,3,19
2161,6,7,30
2162,8,12,45
2163,0,6,13
2164,10,22,61
2165,21,47,119
2166,302,483,1190
2167,0,8,7
2168,52,106,303
2169,14,24,55
2171,8,7,16
2172,10,17,43
2173,205,276,754
2174,7,12,33
2175,147,240,822
2176,9,24,58
2177,15,27,52
2178,152,212,517
2179,2,6,13
2180,120,153,421
2181,3,11,21
2182,6,4,14
2183,8,20,46
2184,2,4,7
2185,3,10,40
2186,0,2,10
2187,3,11,24
2188,2,11,22
2189,3,6,20
2190,11,26,69
2191,416,476,1652
2192,0,1,2
2193,46,69,158
2194,77,119,285
2195,18,39,79
2196,12,22,61
2197,26,33,101
2198,33,34,76
2199,1,1,18
2200,22,39,74
2202,7,26,75
2203,6,12,54
2204,7,8,41
2205,114,151,523
2206,9,12,55
2207,211,374,1277
2208,10,26,88
2209,1,4,15
2210,451,661,1765
2211,93,121,358
2212,58,100,252
2213,54,108,318
2214,239,261,771
2215,2,6,24
2216,304,403,1209
2217,7,8,43
2218,4,24,37
2219,41,50,118
2220,22,24,79
2221,12,14,50
2222,6,2,9
2223,15,37,105
2224,26,47,117
2225,13,18,55
2226,5,5,17
2227,28,60,219
2228,25,25,140
2230,12,30,98
2231,6,4,15
2232,88,146,542
2233,22,36,127
2234,34,48,165
2235,56,88,254
2236,3,5,10
2237,21,40,75
2238,8,15,51
2239,14,11,39
2240,3,9,27
2241,38,58,155
2242,1,3,10
2243,3,7,18
2244,9,20,55
2245,17,45,115
2246,1,4,7
2247,5,14,56
2248,0,1,15
2249,4,9,20
2250,21,36,87
2252,1,5,26
2253,83,185,481
2254,5,13,31
2255,295,360,1403
2256,0,1,3
2257,241,179,683
2258,0,2,1
2259,3,10,26
2260,74,58,249
2261,69,111,283
2262,2,3,18
2263,26,31,94
2264,2,7,13
2265,94,149,389
2266,48,69,208
2268,0,3,5
2269,6,11,27
2270,0,1,7
2271,0,3,11
2272,0,0,4
2273,31,53,111
2274,13,15,66
2275,3,5,26
2276,8,20,44
2277,53,84,247
2278,24,56,157
2279,30,49,176
2280,10,18,46
2281,14,21,55
2282,257,226,859
2284,0,1,6
2285,8,13,49
2286,2,12,25
2287,6,15,20
2288,2,1,8
2289,3,0,2
2290,1,6,7
2291,194,301,827
2292,1,2,10
2293,10,16,48
2294,254,351,944
2295,82,55,209
2298,3,4,9
2299,24,70,139
2300,5,3,7
2301,186,332,854
2302,6,11,27
2303,3,10,30
2304,4,5,27
2305,3,14,19
2306,12,21,69
2307,11,20,51
2309,4,15,21
2310,8,6,6
2311,193,327,751
2312,21,66,144
2313,304,432,1180
2314,5,5,6
2315,2,7,24
2316,10,7,38
2317,43,89,226
2318,103,155,489
2319,1,12,39
2320,15,12,38
2322,6,6,24
2323,9,36,71
2324,1,8,18
2325,114,171,412
2326,18,38,118
2327,52,115,306
2328,5,5,12
2329,27,48,158
2330,0,0,16
2331,2,4,22
2332,5,1,11
2333,27,58,129
2334,28,81,190
2335,2,5,34
2337,0,12,30
2339,0,2,17
2340,0,0,6
2341,195,322,934
2342,18,34,45
2343,178,267,671
2345,0,5,20
2346,18,30,78
2347,19,17,80
2348,1,4,7
2349,18,30,101
2350,63,38,173
2351,2,7,20
2352,10,12,68
2353,0,2,6
2354,271,390,1032
2355,3,6,18
2356,4,9,37
2357,75,126,444
2358,180,222,654
2359,1,5,19
2360,33,51,121
2361,9,15,59
2362,9,10,31
2363,2,0,1
2365,234,376,1022
2366,21,23,77
2367,2,2,20
2368,15,11,41
2369,66,137,421
2370,8,15,42
2371,14,27,99
2372,10,11,47
2373,97,76,292
2374,8,12,50
2375,262,444,1293
2376,3,11,43
2377,10,7,43
2378,4,8,20
2379,393,635,1705
2380,0,2,5
2381,11,17,55
2382,55,64,242
2383,3,18,24
2384,9,17,60
2385,3,10,44
2386,143,246,695
2387,15,18,42
2388,8,20,49
2389,0,7,13
2390,36,33,106
2391,2,3,11
2393,8,11,34
2394,12,21,43
2395,95,110,305
2396,1,2,2
2397,64,80,319
2398,38,72,240
2399,2,3,12
2400,5,7,25
2401,7,18,51
2402,160,247,729
2404,9,8,52
2405,4,17,52
2406,21,32,112
2407,18,24,88
2408,229,354,901
2409,1,0,4
2410,1,7,27
2411,23,34,128
2412,42,55,181
2413,4,6,11
2414,94,93,388
2415,2,4,25
2416,26,50,107
2417,229,325,974
2418,185,260,641
2419,1,9,14
2420,6,8,47
2422,17,23,62
2423,5,3,28
2424,40,70,155
2425,2,16,31
2426,20,35,88
2427,1,10,21
2428,0,2,32
2429,9,6,39
2430,6,9,24
2431,9,13,53
2432,211,322,807
2433,4,6,30
2434,10,44,83
2436,2,5,12
2437,15,39,94
2438,2,7,16
2439,18,17,53
2440,23,27,84
2441,66,110,369
2442,6,7,20
2443,35,73,193
2444,7,4,14
2445,2,11,17
2446,27,60,113
2447,23,41,87
2449,6,8,23
2451,10,17,69
2452,325,449,1247
2453,45,72,231
2454,3,8,20
2455,53,80,202
2456,8,20,44
2458,4,0,6
2459,45,87,166
2460,64,94,291
2461,12,26,76
2462,289,339,1204
2463,12,24,77
2464,118,101,509
2465,3,10,26
2466,386,520,1515
2467,3,7,25
2468,1,11,22
2469,1,2,14
2470,77,107,310
2471,6,12,35
2472,17,41,127
2474,1,6,10
2475,3,15,39
2476,11,11,35
2477,228,250,766
2478,248,361,1115
2479,15,20,87
2480,29,46,156
2482,4,15,38
2483,116,183,559
2484,52,111,277
2485,18,34,71
2486,22,28,118
2487,18,21,84
2488,10,20,36
2489,116,203,458
2490,3,5,24
2491,44,58,192
2492,24,42,95
2494,11,25,78
2495,64,109,286
2496,54,78,201
2497,178,299,756
2498,1,4,13
2499,3,12,35
2500,0,5,14
2501,6,12,12
2502,1,8,15
2503,1,2,17
2504,3,4,11
2505,7,5,20
2506,13,22,67
2507,6,19,51
2509,76,97,270
2510,31,25,77
2511,2,3,5
2512,12,35,97
2513,33,59,131
2514,443,568,1813
2515,23,39,120
2516,2,6,14
2517,41,71,269
2518,23,51,90
2519,11,12,87
2520,27,47,98
2521,13,12,53
2522,12,25,76
2523,1,0,9
2525,0,4,25
2526,83,148,336
2527,10,11,50
2528,4,24,54
2530,0,2,4
2531,1,1,7
2532,24,49,98
2533,23,34,106
2534,1,3,22
2535,6,24,79
2536,20,46,119
2537,118,167,403
2538,10,16,28
2539,5,2,37
2540,5,17,56
2541,1,2,18
2542,34,75,238
2543,39,58,157
2544,11,27,56
2545,64,69,279
2546,2,7,18
2547,2,1,14
2548,45,66,183
2550,24,23,70
2551,12,23,75
2552,28,71,168
2554,6,9,34
2555,12,34,60
2556,16,15,77
2557,25,49,120
2558,239,322,990
2559,25,33,90
2560,3,8,21
2561,70,119,339
2562,282,432,1162
2563,14,12,33
2564,273,404,1167
2565,6,7,15
2566,38,82,268
2569,0,0,11
2571,6,10,45
2572,456,572,1579
2573,5,17,34
2574,4,5,20
2576,5,11,60
2577,1,2,4
2578,8,3,22
2579,4,14,17
2580,13,22,78
2581,168,197,679
2583,11,19,39
2584,292,396,1274
2585,4,13,59
2586,11,25,96
2588,28,58,113
2589,15,29,74
2590,5,15,33
2591,6,4,9
2592,17,32,62
2593,50,40,150
2594,6,9,25
2595,15,17,51
2596,51,116,271
2597,8,9,23
2598,2,6,22
2600,21,24,86
2601,200,257,773
2602,3,11,57
2603,1,1,17
2604,442,502,1442
2605,11,29,66
2606,8,10,44
2607,96,156,349
2608,93,166,398
2609,9,8,20
2610,98,141,513
2611,247,254,1067
2612,14,30,60
2613,52,69,283
2614,9,15,42
2616,0,0,21
2617,0,1,1
2618,21,18,52
2619,1,6,23
2620,50,80,223
2621,59,71,233
2622,61,74,238
2623,16,31,125
2624,11,10,43
2625,4,7,35
2626,369,522,1979
2627,24,38,100
2628,83,143,488
2629,3,14,48
2630,88,134,321
2631,34,41,109
2632,10,21,40
2633,1,6,14
2634,36,65,179
2635,10,14,50
2636,55,42,154
2637,10,24,37
2638,10,6,20
2639,126,180,636
2640,109,171,464
2642,9,18,70
2643,19,33,103
2645,0,1,9
2646,3,8,21
2647,219,277,806
2648,313,393,1080
2649,32,63,202
2650,349,474,1430
2651,70,81,254
2653,84,118,394
2654,6,12,63
2655,5,15,42
2656,44,86,172
2657,47,59,211
2658,9,13,38
2659,20,40,111
2660,13,22,72
2661,68,116,375
2662,0,0,5
2663,4,7,20
2664,18,19,93
2665,27,35,130
2666,0,0,4
2667,55,72,260
2668,218,274,904
2669,2,18,39
2670,15,26,89
2671,291,454,1715
2672,14,36,61
2673,13,6,50
2674,23,33,120
2675,15,14,60
2676,9,25,98
2677,1,2,24
2678,283,383,1463
2679,259,389,980
2680,10,9,55
2681,10,10,24
2682,139,126,609
2684,3,6,16
2685,38,58,199
2686,21,24,87
2687,44,38,170
2688,55,94,189
2689,4,8,21
2690,57,51,248
2691,8,13,47
2692,5,8,34
2693,26,43,132
2694,0,14,21
2695,130,191,524
2696,52,59,190
2698,4,5,25
2699,0,1,19
2700,38,49,132
2701,5,17,69
2702,75,132,355
2703,3,3,6
2704,7,18,56
2705,10,6,34
2706,73,150,357
2707,380,471,1495
2708,7,17,45
2710,97,131,411
2711,35,42,144
2712,9,17,58
2713,78,125,317
2714,0,1,11
2715,0,1,3
2716,3,11,29
2717,0,3,17
2718,23,45,81
2719,15,18,47
2720,106,118,349
2722,2,7,26
2723,28,49,118
2724,0,3,7
2725,13,35,81
2726,31,51,127
2727,0,8,17
2728,12,12,29
2729,17,26,105
2730,55,117,361
2731,200,267,800
2732,4,8,28
2733,114,250,718
2734,37,46,163
2735,5,18,53
2736,39,32,109
2737,39,101,282
2738,3,7,16
2739,302,303,962
2740,3,6,32
2741,6,7,35
2742,30,49,94
2744,51,88,249
2745,0,2,10
2746,14,15,68
2747,0,6,12
2748,329,427,1319
2749,50,103,314
2750,0,3,9
2751,21,14,69
2752,2,6,21
2754,201,225,1191
2755,244,383,1127
2756,161,235,652
2757,320,508,1758
2758,8,8,50
2759,154,153,513
2760,15,25,47
2761,18,20,73
2762,241,321,1127
2763,13,19,52
2765,1,4,14
2766,8,14,47
2767,123,137,479
2769,91,137,385
2770,12,22,44
2771,56,131,362
2773,14,35,103
2774,12,15,57
2775,3,6,15
2777,224,320,789
2778,413,462,1635
2779,6,11,28
2780,13,9,50
2781,95,160,455
2782,4,8,26
2783,15,12,64
2784,12,16,55
2785,50,70,200
2786,0,2,8
2787,28,35,110
2788,21,43,118
2789,3,3,11
2790,5,9,25
2791,29,32,93
2792,7,6,26
2793,1,2,5
2794,303,298,1092
2795,2,8,15
2796,3,3,11
2797,166,258,754
2798,49,58,176
2799,4,6,46
2800,76,103,294
2801,15,22,85
2802,30,57,126
2803,2,4,19
2804,162,235,820
2805,6,17,40
2807,1,2,12
2808,7,19,56
2810,156,234,654
2811,5,3,13
2812,4,12,24
2813,411,464,1736
2814,7,6,23
2815,6,19,16
2817,3,9,19
2818,37,28,152
2820,1,0,3
2822,2,1,5
2823,22,32,136
2825,7,12,31
2826,3,7,21
2827,1,2,6
2829,32,47,119
2830,7,19,24
2831,18,19,47
2832,31,77,174
2834,42,78,242
2835,1,18,41
2837,9,20,55
2838,79,105,441
2839,13,7,54
2841,1,4,19
2842,76,126,372
2843,2,2,7
2844,19,34,78
2845,287,243,1589
2846,20,42,97
2847,4,7,11
2850,68,84,279
2851,80,100,326
2852,3,27,65
2853,144,240,658
2854,45,55,183
2855,217,436,1253
2856,3,3,10
2857,220,316,1180
2858,6,14,35
2859,17,39,94
2860,8,9,40
2861,1,1,8
2862,21,54,142
2863,45,71,200
2864,49,47,239
2867,47,73,201
2868,13,29,71
2869,3,7,36
2870,2,4,16
2871,20,41,96
2872,17,19,120
2873,3,8,33
2874,5,10,29
2875,16,33,91
2876,300,400,1295
2877,15,37,113
2878,16,34,109
2879,26,37,136
2880,15,33,97
2882,2,4,15
2883,6,13,30
2884,26,25,82
2886,2,4,6
2887,60,101,338
2888,27,27,118
2889,27,84,147
2890,5,7,26
2891,55,76,249
2892,0,1,1
2893,10,35,78
2894,331,419,1389
2895,53,48,267
2896,16,32,80
2897,26,15,83
2898,154,182,599
2899,22,56,141
2900,0,0,10
2901,3,4,19
2902,50,93,234
2905,7,24,51
2907,20,50,126
2908,200,246,665
2909,13,18,54
2910,52,70,250
2911,9,14,37
2913,10,20,66
2914,439,646,1584
2915,10,18,60
2916,1,5,17
2917,0,1,5
2918,7,7,28
2919,50,91,268
2920,101,148,491
2921,17,23,84
2922,8,7,44
2923,5,7,24
2924,62,86,215
2925,0,1,11
2926,2,3,13
2927,3,16,47
2928,2,1,4
2929,240,354,1348
2931,2,6,10
2932,94,122,409
2933,22,40,114
2935,17,47,110
2936,57,102,246
2938,164,202,779
2939,57,86,317
2941,6,11,60
2944,4,11,29
2946,6,8,32
2947,64,108,204
2949,12,7,57
2950,44,69,188
2951,193,357,1069
2952,8,10,23
2955,3,2,31
2957,32,73,160
2958,13,13,47
2959,22,28,116
2960,308,365,1150
2962,0,8,25
2963,106,126,416
2964,149,209,557
2965,8,7,23
2966,3,10,33
2967,9,18,56
2968,8,11,22
2969,384,508,1294
2970,6,5,25
2971,65,109,248
2972,8,15,23
2973,6,35,67
2974,477,521,1771
2975,58,63,227
2976,2,10,44
2977,25,21,102
2978,3,4,20
2980,4,3,13
2981,14,26,96
2983,6,21,35
2984,0,6,20
2985,402,511,1438
2986,17,26,39
2987,53,80,292
2989,6,14,32
2990,0,1,3
2991,12,34,84
2993,10,27,64
2995,13,8,61
2996,559,459,1594
2999,4,5,20
3000,380,492,1474
3001,48,75,141
3002,0,1,13
3004,4,6,11
3005,9,8,36
3007,11,17,66
3008,8,7,28
3010,4,13,29
3011,22,25,67
3012,0,0,4
3013,155,244,572
3015,158,211,880
3016,1,7,7
3017,0,4,5
3019,8,9,31
3021,20,49,170
3022,12,14,46
3023,11,12,59
3024,5,9,18
3025,58,125,411
3026,10,23,38
3027,6,8,34
3028,24,28,114
3029,8,22,72
3031,1,0,12
3032,60,83,242
3033,219,306,734
3035,172,260,813
3037,189,277,923
3038,1,0,12
3039,4,9,17
3040,1,10,59
3041,2,4,29
3042,12,8,51
3043,259,310,999
3044,0,5,13
3045,25,31,116
3046,494,377,1621
3048,1,13,31
3049,5,16,37
3050,12,22,59
3051,1,4,14
3052,1,1,12
3053,5,8,21
3054,41,30,146
3055,110,112,375
3056,33,53,182
3057,15,16,56
3058,0,9,18
3059,1,1,11
3061,2,6,28
3062,38,66,89
3063,7,6,24
3064,2,0,16
3066,3,7,6
3068,3,12,29
3069,7,11,39
3070,54,80,285
3071,304,454,1758
3074,59,78,271
3075,54,93,352
3076,497,464,1973
3077,134,141,471
3078,0,1,7
3079,190,263,742
3080,23,57,143
3081,11,15,60
3082,10,11,39
3083,13,29,84
3084,1,4,5
3086,14,20,70
3087,7,23,63
3088,11,22,72
3089,5,9,33
3090,18,50,112
3091,4,5,26
3092,10,13,35
3094,60,109,260
3095,19,42,127
3096,263,360,1068
3097,9,12,31
3098,26,42,70
3099,119,141,461
3101,3,8,10
3103,5,5,29
3104,315,355,1574
3106,132,221,559
3107,4,12,25
3110,0,0,4
3111,1,7,17
3112,2,10,28
3114,50,103,247
3115,3,3,13
3116,3,6,13
3117,202,260,772
3118,3,8,35
3119,22,39,118
3120,1,3,12
3121,354,410,1276
3122,20,34,136
3124,273,329,1127
3125,153,276,703
3126,125,181,567
3127,1,4,13
3128,8,9,27
3129,274,236,851
3130,7,5,37
3131,67,75,245
3132,279,283,755
3134,445,588,1679
3135,1,4,27
3136,179,209,764
3137,1,1,5
3138,19,39,88
3139,185,162,765
3140,2,3,2
3141,3,10,28
3142,1,0,13
3144,384,503,1489
3145,356,524,1498
3146,14,16,58
3148,5,9,44
3149,100,132,405
3150,199,261,870
3151,22,20,65
3152,19,41,81
3153,3,14,71
3154,0,0,4
3156,39,44,145
3157,14,25,75
3158,2,2,5
3160,5,15,29
3161,113,116,429
3162,70,94,270
3163,13,16,64
3164,10,11,42
3166,65,112,411
3167,3,6,16
3173,2,5,13
3175,18,22,68
3176,39,45,159
3177,381,456,1421
3178,3,5,12
3179,25,27,144
3180,14,17,39
3181,31,54,197
3183,3,13,29
3184,52,70,235
3185,252,372,1035
3186,0,1,4
3188,12,10,69
3189,2,3,4
3190,12,17,64
3191,24,40,108
3194,6,15,42
3197,8,10,36
3198,48,94,214
3200,48,93,257
3201,76,98,260
3203,14,24,93
3204,185,264,777
3205,14,22,54
3206,7,7,30
3207,14,26,71
3208,3,3,25
3210,14,20,57
3212,3,1,13
3213,95,157,555
3214,43,84,253
3215,0,1,12
3218,0,0,2
3220,7,22,50
3221,215,275,680
3222,4,5,18
3223,5,11,31
3224,0,0,3
3225,18,41,78
3226,373,587,1483
3227,7,34,46
3228,11,19,50
3229,9,12,40
3230,172,210,921
3232,4,13,39
3234,11,25,58
3235,21,22,92
3236,3,7,24
3237,12,25,68
3238,113,178,636
3240,24,40,115
3241,124,201,729
3242,3,8,13
3244,0,13,36
3245,12,22,68
3246,133,157,513
3247,15,25,94
3248,5,1,18
3250,6,21,38
3251,4,20,36
3252,23,19,72
3254,67,114,277
3255,72,131,322
3256,78,128,374
3257,2,7,12
3258,6,28,73
3260,3,10,10
3261,2,1,6
3262,4,22,46
3263,1,0,1
3264,11,19,38
3265,1,6,18
3266,0,0,1
3267,23,60,128
3269,0,6,5
3270,60,72,200
3271,207,272,837
3272,24,38,97
3273,201,278,768
3274,105,152,626
3275,11,18,25
3276,113,157,443
3277,5,9,21
3278,112,207,585
3279,2,2,14
3280,0,4,10
3281,17,35,101
3282,13,16,62
3283,43,65,151
3284,70,96,333
3285,3,7,17
3286,4,5,21
3287,15,52,153
3288,48,64,162
3289,2,3,13
3290,188,226,778
3291,13,31,67
3292,0,1,7
3293,2,5,17
3295,0,3,4
3296,155,204,661
3298,0,3,16
3299,1,2,12
3300,1,8,22
3301,21,30,91
3303,111,127,516
3304,185,259,1034
3305,18,27,92
3306,122,167,448
3307,0,0,7
3308,39,90,149
3309,0,0,8
3310,32,51,131
3311,1,4,8
3312,0,0,4
3313,9,10,29
3314,30,56,188
3315,8,12,20
3316,30,40,174
3318,5,19,31
3319,5,5,20
3320,103,189,430
3321,320,486,1366
3322,25,48,115
3323,17,26,114
3324,0,6,16
3325,12,29,64
3326,112,138,407
3327,8,8,46
3328,20,45,117
3329,14,17,75
3330,14,17,52
3331,239,382,1106
3332,2,2,11
3334,13,26,69
3335,3,13,28
3336,19,35,114
3337,1,0,5
3338,42,54,173
3339,0,2,5
3341,55,55,202
3342,6,16,50
3343,14,26,74
3344,5,21,58
3345,1,3,34
3346,23,62,183
3347,2,5,20
3348,39,49,157
3349,122,191,503
3351,0,0,3
3352,8,9,32
3353,1,4,12
3354,53,55,172
3355,6,6,9
3356,1,3,1
3357,97,94,295
3358,46,102,293
3359,8,21,36
3360,84,122,473
3361,6,18,44
3363,0,3,10
3364,26,50,105
3365,19,21,103
3366,36,44,179
3367,1,8,16
3368,14,39,92
3369,21,46,104
3370,13,16,39
3371,73,116,287
3372,61,108,283
3373,56,118,319
3374,1,1,5
3376,219,372,895
3377,37,36,165
3378,19,26,80
3379,32,47,168
3380,9,6,22
3381,25,42,96
3382,0,3,8
3383,60,85,238
3384,9,11,34
3385,6,15,32
3386,39,51,202
3387,54,84,193
3388,50,101,263
3389,74,111,257
3390,3,3,9
3392,62,57,235
3393,0,9,14
3394,5,8,37
3395,1,4,8
3396,55,96,300
3397,19,20,73
3398,0,0,8
3399,20,24,45
3400,44,66,230
3402,3,8,21
3403,123,151,433
3404,259,431,1119
3405,17,6,24
3407,6,9,41
3408,0,0,2
3409,8,18,39
3410,1,0,4
3411,7,3,26
3412,2,4,16
3413,0,1,5
3414,23,35,81
3415,16,39,114
3416,205,302,792
3417,30,60,175
3419,96,85,329
3421,273,326,1045
3423,251,351,932
3424,35,33,114
3425,10,18,34
3426,3,5,22
3427,0,1,3
3428,9,19,50
3429,2,2,4
3430,3,4,16
3431,27,44,112
3433,0,2,2
3434,14,52,218
3435,1,5,9
3436,156,228,615
3438,8,8,27
3439,174,241,715
3441,17,17,53
3442,0,2,10
3443,20,48,96
3444,5,21,49
3445,4,11,24
3446,3,7,10
3447,19,36,78
3448,39,41,136
3449,93,84,327
3450,23,48,99
3451,36,32,101
3452,2,11,27
3453,37,53,169
3454,8,12,29
3455,4,11,22
3456,15,14,92
3457,7,17,29
3459,5,15,58
3460,1,5,14
3461,17,12,47
3462,60,74,262
3464,10,11,42
3465,14,24,100
3466,1,1,8
3467,80,94,307
3468,66,110,235
3469,3,7,13
3470,178,284,662
3472,71,88,266
3473,136,166,562
3475,49,97,208
3476,1,10,20
3480,7,12,26
3481,10,23,45
3482,164,185,758
3483,1,1,20
3484,24,35,80
3485,15,33,104
3486,1,1,0
3487,0,1,5
3488,8,4,9
3489,2,2,15
3490,5,0,10
3491,11,5,38
3492,1,1,17
3494,3,7,30
3495,16,19,75
3497,10,6,36
3498,4,12,24
3499,11,18,96
3500,2,9,35
3501,252,359,972
3502,51,100,269
3503,4,10,55
3504,31,59,157
3505,2,7,33
3506,380,371,1376
3507,15,36,63
3508,257,387,1087
3509,60,82,220
3510,43,37,170
3511,4,13,30
3512,14,13,57
3513,13,20,68
3514,5,12,42
3515,1,0,5
3516,110,164,515
3517,142,170,515
3518,8,14,67
3519,2,3,15
3520,19,27,100
3522,109,180,421
3524,63,90,287
3525,14,16,58
3526,17,68,175
3527,4,3,20
3528,20,48,104
3529,9,6,35
3530,15,15,84
3531,83,129,298
3532,21,25,104
3533,331,370,1268
3534,63,92,285
3536,54,84,255
3537,37,48,160
3538,38,65,139
3539,3,16,36
3540,8,10,45
3541,128,200,596
3543,13,12,42
3544,8,13,43
3545,2,0,21
3546,45,62,194
3547,12,17,41
3548,1,3,20
3549,72,88,291
3550,307,383,1691
3551,7,3,27
3552,76,145,430
3553,43,63,208
3555,31,55,168
3556,68,129,378
3557,30,62,171
3558,1,5,19
3559,114,133,404
3560,0,1,7
3561,13,35,66
3563,205,236,934
3564,9,5,19
3565,12,13,18
3566,70,107,247
3567,14,28,65
3568,17,31,84
3569,61,87,276
3570,6,12,35
3571,3,7,33
3572,9,22,63
3573,22,43,154
3574,25,22,40
3575,60,124,308
3576,0,0,10
3577,15,22,81
3578,1,12,17
3579,8,11,46
3580,0,11,27
3581,36,69,132
3582,10,11,45
3583,231,324,1048
3584,36,85,165
3586,65,100,265
3587,405,483,1903
3588,6,18,59
3589,19,33,101
3590,1,2,2
3591,26,45,156
3592,7,11,48
3593,2,13,28
3594,13,42,75
3595,191,245,655
3596,8,15,61
3597,5,12,15
3598,6,15,36
3599,42,62,135
3600,3,7,13
3602,297,439,1334
3603,0,0,6
3604,145,226,633
3605,282,280,1120
3606,13,15,49
3607,22,21,59
3608,11,12,29
3609,6,15,42
3610,107,107,411
3611,0,3,13
3612,1,2,11
3613,1,0,5
3614,1,1,11
3615,4,12,15
3616,1,1,13
3617,22,34,64
3618,1,6,19
3619,29,65,135
3620,47,57,223
3621,2,6,12
3622,43,49,186
3623,15,29,80
3624,16,27,58
3625,0,6,26
3626,1,4,14
3627,2,4,11
3628,14,23,41
3629,7,18,49
3630,485,621,1747
3631,2,1,8
3632,34,62,145
3633,65,115,338
3634,11,13,51
3635,45,49,177
3636,390,552,1633
3637,7,13,41
3638,29,30,99
3639,13,18,52
3641,30,58,147
3642,243,387,955
3643,0,3,5
3644,25,46,106
3645,7,21,47
3646,16,55,116
3647,15,34,68
3648,26,29,72
3649,21,26,70
3650,185,279,846
3651,7,10,30
3652,7,20,89
3653,270,339,1148
3654,4,5,32
3655,34,44,184
3656,9,10,37
3657,29,38,96
3658,15,43,137
3659,4,2,21
3660,3,2,2
3661,35,51,187
3662,50,88,283
3663,4,13,42
3664,2,12,12
3665,13,19,54
3666,53,66,188
3667,10,43,59
3668,0,3,6
3669,1,3,4
3670,206,272,848
3671,21,36,74
3672,0,0,7
3673,137,194,617
3674,2,6,8
3675,1,3,2
3676,1,14,53
3677,3,7,17
3678,11,22,61
3679,19,56,120
3680,3,8,24
3681,210,263,779
3682,4,13,35
3683,6,9,35
3684,8,3,18
3685,10,15,40
3686,1,0,11
3687,41,53,181
3688,12,29,109
3690,2,5,18
3692,17,19,96
3693,5,10,26
3694,8,13,39
3695,3,7,20
3696,39,53,142
3697,7,18,49
3698,11,17,40
3699,2,3,16
3700,4,16,28
3701,4,9,21
3702,97,152,391
3703,25,61,157
3704,0,6,21
3705,3,1,17
3706,11,12,57
3707,5,8,28
3708,39,52,159
3709,2,12,31
3710,213,314,833
3711,18,37,68
3712,2,2,9
3713,11,11,39
3714,9,7,64
3716,13,28,78
3717,28,40,136
3718,7,11,18
3719,46,68,242
3720,58,59,205
3721,56,101,236
3722,18,20,60
3724,8,12,44
3725,13,16,46
3726,2,4,7
3727,0,3,4
3728,0,1,1
3729,4,7,11
3730,30,31,86
3731,107,171,495
3732,43,92,225
3733,3,3,8
3734,5,5,41
3735,9,16,43
3736,0,1,10
3737,7,11,34
3738,67,99,308
3739,92,150,401
3740,14,21,60
3741,505,656,1692
3742,1,2,5
3743,53,80,248
3744,5,10,41
3745,0,9,23
3746,26,21,103
3747,4,6,25
3748,1,2,12
3749,119,222,622
3750,37,55,130
3751,0,1,9
3752,1,5,7
3753,1,0,3
3754,140,268,874
3755,2,6,12
3757,1,1,8
3758,84,111,267
3759,10,26,56
3760,3,5,21
3761,9,13,52
3762,29,67,139
3763,18,11,57
3764,1,3,1
3765,25,35,165
3766,0,2,9
3767,3,5,23
3768,3,7,17
3769,20,18,78
3770,6,15,35
3771,110,197,617
3772,76,109,306
3774,2,4,6
3776,26,58,119
3777,127,131,379
3778,15,14,34
3779,82,131,306
3780,46,75,184
3781,14,10,30
3782,2,4,15
3783,20,13,55
3784,15,18,69
3785,46,52,178
3786,298,456,1330
3787,8,27,49
3788,121,140,480
3789,7,10,15
3790,21,46,84
3791,2,6,21
3792,18,26,88
3793,60,65,187
3794,4,9,22
3795,3,3,9
3796,304,541,1509
3797,14,60,111
3798,0,3,20
3799,5,9,24
3800,23,22,75
3801,7,6,20
3802,27,43,118
3803,89,184,428
3804,3,3,16
3805,28,52,141
3806,66,91,328
3807,64,40,195
3808,0,0,2
3809,21,43,82
3810,17,17,52
3811,289,284,851
3812,1,6,14
3813,2,2,5
3814,238,352,1105
3815,69,93,274
3816,529,408,1664
3817,145,182,404
3818,9,12,44
3819,3,2,14
3820,359,483,1715
3821,1,11,41
3822,0,2,8
3823,38,50,183
3824,13,18,39
3825,203,212,688
3826,4,0,20
3827,22,32,107
3828,15,21,60
3829,0,1,6
3830,8,10,33
3831,13,25,64
3832,151,134,611
3833,80,166,382
3834,23,25,94
3835,29,38,103
3836,14,18,45
3837,2,2,14
3838,258,403,1194
3839,6,17,35
3840,18,32,83
3841,21,27,79
3842,3,6,9
3843,4,9,26
3844,11,26,69
3845,4,6,19
3846,5,6,24
3847,1,1,1
3848,50,58,173
3849,6,13,23
3850,26,33,113
3851,15,10,30
3852,2,11,13
3853,15,13,34
3854,0,1,9
3855,2,0,17
3856,13,13,41
3857,23,51,153
3858,202,302,797
3859,17,41,128
3860,62,119,246
3862,2,9,22
3863,0,5,9
3865,4,6,24
3866,8,11,37
3867,13,19,58
3868,16,17,58
3869,9,17,55
3870,235,252,836
3871,11,30,58
3872,4,8,20
3874,1,5,17
3875,0,3,17
3876,425,474,1758
3877,0,3,6
3878,3,14,32
3879,2,0,8
3880,31,48,114
3881,3,9,23
3883,5,15,37
3884,4,4,16
3885,1,0,10
3886,7,3,15
3887,34,43,155
3888,6,3,24
3889,97,114,384
3890,1,0,12
3891,1,5,10
3892,0,1,3
3893,4,3,6
3894,1,3,12
3895,0,2,7
3896,3,4,18
3897,9,14,29
3898,107,156,451
3899,1,5,15
3900,23,23,88
3901,9,17,47
3902,4,10,17
3903,7,9,34
3904,8,18,39
3905,22,44,115
3906,1,7,9
3907,11,7,30
3908,43,62,176
3909,2,14,39
3910,0,1,12
3911,5,19,24
3912,26,69,216
3913,8,6,35
3914,159,166,618
3915,38,44,152
3916,0,0,3
3917,4,6,14
3918,179,262,722
3919,2,4,24
3920,176,341,1084
3921,8,9,35
3922,9,2,18
3923,6,7,14
3924,122,225,456
3925,35,56,161
3927,8,10,49
3928,1,2,8
3929,6,15,19
3930,23,34,109
3931,3,12,24
3932,5,6,16
3933,3,0,6
3934,120,238,518
3935,11,14,41
3936,0,1,4
3937,51,39,189
3938,2,1,25
3939,173,289,773
3940,5,10,15
3941,3,1,12
3942,3,8,31
3944,10,13,35
3945,4,3,31
3946,1,5,11
3947,2,15,26
3948,6,17,61
3949,3,2,17
3950,4,0,11
3951,2,8,26
3952,0,3,6
3953,21,22,68
3954,2,5,4
3955,12,17,34
3956,10,25,87
3957,8,18,45
3958,0,2,10
3959,12,20,64
3960,8,21,66
3961,24,34,133
3962,272,356,915
3963,1,5,18
3964,10,10,53
3965,5,3,11
3966,0,4,4
3967,11,18,46
3968,1,6,16
3969,3,3,19
3970,6,8,38
3971,0,1,5
3972,9,24,67
3973,102,192,472
3974,7,6,27
3975,7,17,58
3976,4,12,25
3977,1,2,8
3978,3,7,16
3979,2,5,22
3980,1,1,10
3981,75,144,393
3982,5,10,49
3983,0,1,3
3984,69,132,332
3985,1,6,7
3986,414,637,1604
3987,4,2,15
3988,7,7,29
3989,9,5,11
3990,0,7,11
3991,0,2,2
3992,46,69,218
3993,2,4,21
3994,3,4,10
3995,2,2,48
3996,2,4,27
3998,6,14,25
3999,9,5,35
4000,0,0,4
4001,0,3,23
4002,0,9,27
4003,12,21,48
4004,5,11,16
4005,6,11,21
4006,15,22,45
4007,24,21,65
4008,11,16,54
4009,73,102,274
4010,2,16,22
4011,17,21,52
4012,0,2,9
4014,1,3,10
4015,3,3,20
4016,6,9,22
4017,2,3,25
4018,105,154,393
4019,7,20,41
4020,20,47,83
4021,0,5,9
4022,5,13,30
4023,17,20,26
4024,2,7,18
4025,341,551,1260
4026,49,60,202
4027,3,2,16
4028,8,11,65
4029,15,25,72
4031,0,0,2
4032,7,19,24
4033,4,11,21
4034,12,25,114
4035,21,29,108
4036,8,18,32
4037,1,4,11
4039,20,33,95
4040,5,4,31
4041,4,3,29
4042,7,12,38
4043,2,6,1
4044,4,9,31
4045,5,19,39
4046,2,0,9
4047,12,11,26
4048,0,1,5
4049,36,34,98
4050,1,1,1
4051,2,2,19
4052,83,126,383
4053,0,2,7
4054,1,2,9
4055,0,0,9
4056,12,24,69
4057,16,21,70
4058,1,9,19
4059,1,0,7
4060,43,60,214
4061,13,23,60
4062,3,1,16
4063,224,325,927
4064,52,67,220
4065,2,4,19
4066,4,2,12
4067,37,52,209
4068,0,6,14
4069,34,57,101
4070,7,21,48
4072,10,17,41
4073,13,15,63
4074,11,26,73
4075,5,13,41
4076,4,9,20
4077,19,27,78
4078,5,17,46
4079,3,15,48
4080,4,9,22
4081,22,23,124
4082,2,7,21
4083,48,60,211
4084,4,5,25
4085,1,3,20
4086,13,27,47
4087,17,28,65
4088,13,21,76
4089,45,54,194
4090,8,13,46
4091,91,168,473
4092,0,3,19
4093,10,19,30
4094,2,0,4
4095,0,4,15
4096,10,13,46
4097,0,3,17
4098,3,0,4
4099,23,29,101
4100,10,8,37
4101,7,7,34
4102,42,56,115
4103,3,14,42
4104,8,16,53
4105,1,4,24
4106,13,14,50
4107,8,13,47
4108,3,6,12
4109,86,109,435
4110,37,64,177
4111,4,10,27
4112,8,13,30
4113,15,31,88
4114,129,94,478
4115,14,11,36
4116,0,2,1
4117,10,19,70
4118,5,3,14
4119,5,5,35
4120,2,4,14
4121,2,9,47
4122,5,18,31
4123,6,9,26
4124,0,4,12
4125,1,6,19
4127,142,306,1322
4128,3,24,43
4129,1,0,12
4130,11,27,73
4131,20,29,155
4132,0,7,17
4133,2,11,33
4134,45,80,224
4135,87,95,237
4136,26,42,76
4137,10,10,43
4138,7,6,36
4139,4,7,20
4140,6,6,25
4141,3,8,20
4142,4,14,30
4143,1,2,11
4144,3,7,34
4145,3,14,62
4146,37,40,139
4147,144,225,563
4148,24,55,247
4149,1,0,8
4150,33,43,151
4151,29,56,114
4152,33,54,161
4153,1,4,5
4154,3,3,10
4156,27,37,97
4157,7,20,40
4158,0,5,7
4159,1,2,4
4160,1,13,9
4161,2,1,12
4162,39,66,200
4163,3,3,19
4164,0,2,2
4166,13,20,68
4167,3,9,26
4168,83,216,465
4169,6,7,41
4170,5,13,39
4171,0,9,17
4172,4,2,37
4173,5,2,25
4174,4,3,18
4175,20,34,88
4176,103,177,627
4177,12,21,35
4178,11,18,26
4179,0,4,11
4180,51,61,248
4181,12,14,70
4182,93,112,324
4183,7,13,31
4184,0,0,7
4185,143,206,601
4186,8,18,35
4187,24,32,109
4188,0,1,14
4189,127,112,552
4190,11,15,37
4191,28,43,136
4192,1,4,5
4193,6,13,36
4194,6,18,67
4195,13,22,85
4196,41,40,128
4197,3,12,65
4198,14,22,86
4199,2,0,10
4200,0,0,4
4201,0,4,15
4202,18,44,77
4203,1,7,16
4204,21,15,49
4205,3,5,16
4206,49,74,224
4207,89,155,675
4208,2,3,12
4209,52,64,206
4210,3,4,21
4211,11,5,38
4212,0,0,4
4213,435,352,1211
4214,41,55,173
4215,2,4,12
4216,92,121,552
4217,3,4,18
4218,6,18,45
4219,23,69,167
4220,51,95,264
4221,2,6,17
4222,14,19,53
4224,1,6,13
4225,42,78,173
4226,1,8,15
4227,0,5,23
4228,1,0,9
4229,0,1,15
4230,15,11,41
4231,2,8,10
4232,3,8,22
4233,28,44,127
4234,342,504,1522
4235,9,38,79
4236,14,14,41
4237,35,52,169
4238,4,8,37
4239,0,3,6
4240,0,2,5
4242,6,11,18
4243,13,30,124
4244,6,10,47
4245,1,2,14
4246,7,31,75
4247,10,10,33
4248,8,17,49
4249,8,12,44
4250,0,2,4
4251,97,83,399
4252,4,2,28
4253,144,168,907
4254,1,5,5
4255,20,52,90
4256,3,4,21
4257,8,14,63
4258,1,2,5
4259,0,1,16
4260,89,106,392
4261,8,34,56
4262,0,4,12
4263,70,93,339
4264,3,17,32
4265,13,15,65
4266,0,2,9
4267,25,31,75
4268,14,14,40
4269,6,8,13
4270,368,378,956
4271,2,0,10
4272,4,11,15
4273,17,40,83
4274,33,64,169
4275,1,0,6
4276,5,15,22
4279,1,2,10
4280,13,31,60
4281,32,50,170
4282,7,6,23
4283,19,19,69
4284,75,122,385
4285,1,4,15
4286,7,4,15
4287,47,45,230
4288,254,400,1030
4289,9,11,68
4290,9,14,43
4291,2,1,11
4292,3,7,16
4293,2,2,12
4294,0,4,12
4295,6,7,27
4296,1,3,15
4297,81,148,455
4298,0,1,6
4299,89,122,330
4300,4,10,24
4301,9,20,65
4302,29,54,174
4303,46,82,227
4304,18,33,83
4305,8,10,29
4307,17,31,98
4308,470,449,2242
4309,37,71,175
4310,25,46,155
4311,5,7,20
4312,35,43,121
4313,1,3,9
4314,29,41,130
4315,98,141,498
4316,11,16,54
4317,96,171,411
4318,3,7,23
4319,4,13,37
4320,18,36,76
4321,154,191,1052
4322,0,2,7
4323,4,10,21
4324,12,17,47
4325,22,40,137
4326,8,15,42
4327,4,4,26
4328,3,9,15
4329,26,48,132
4330,364,519,1267
4331,0,2,15
4332,17,21,69
4333,2,13,38
4334,4,6,29
4335,50,75,257
4336,4,4,23
4337,5,2,8
4338,4,7,19
4339,4,10,28
4340,22,40,109
4341,13,2,33
4342,0,4,5
4343,2,8,24
4344,34,44,106
4345,3,7,17
4346,8,4,35
4347,66,98,253
4348,7,17,24
4349,4,10,23
4350,84,109,294
4351,5,6,7
4352,3,11,28
4353,35,61,158
4354,0,3,6
4355,58,73,209
4357,106,180,424
4358,8,15,42
4359,8,15,44
4360,0,0,11
4361,7,3,19
4362,1,12,20
4363,3,8,27
4364,0,3,12
4365,0,3,12
4366,2,12,31
4367,25,56,222
4368,1,9,16
4369,19,84,242
4370,41,75,176
4371,8,26,71
4372,4,5,14
4373,20,41,81
4374,235,307,859
4375,4,4,14
4376,13,17,38
4377,10,12,36
4378,4,2,23
4379,1,5,10
4380,45,70,254
4381,2,3,16
4382,0,1,9
4383,16,25,84
4384,7,18,37
4385,13,47,163
4386,10,14,23
4388,10,19,44
4389,7,8,23
4390,0,2,23
4391,4,5,17
4392,6,8,22
4393,0,8,11
4394,8,17,45
4395,3,20,61
4396,2,0,5
4397,59,58,283
4398,5,9,13
4399,1,6,14
4400,5,9,29
4401,1,7,23
4402,21,43,80
4403,21,43,80
4404,21,43,80
4405,21,43,80
4406,2,7,21
4407,3,6,16
4408,42,55,154
4409,190,258,759
4410,175,260,855
4411,5,5,29
4412,2,2,12
4413,13,11,18
4414,23,25,124
4415,3,5,21
4416,21,37,118
4417,63,92,368
4418,2,1,5
4419,0,1,12
4420,12,16,50
4421,2,3,17
4422,0,0,4
4423,2,13,27
4424,17,17,44
4425,11,22,57
4426,2,6,20
4427,0,8,14
4428,4,6,29
4429,11,5,22
4430,1,2,14
4431,10,8,26
4432,21,43,80
4433,21,43,80
4434,21,43,80
4435,21,43,80
4436,24,30,109
4437,226,276,998
4438,16,37,94
4439,2,3,13
4440,32,42,103
4441,3,3,12
4442,9,18,32
4443,8,17,27
4444,180,243,1034
4445,35,48,152
4446,5,7,38
4447,5,8,21
4448,20,16,69
4449,13,17,49
4450,0,6,7
4451,33,39,171
4452,7,36,49
4453,8,18,68
4454,11,16,65
4455,7,6,18
4456,0,3,8
4457,6,22,56
4458,8,33,62
4459,6,19,42
4460,0,6,12
4461,0,3,2
4462,1,4,7
4463,2,4,17
4464,21,20,73
4465,32,38,78
4466,6,7,30
4467,3,8,35
4468,241,271,1205
4469,232,358,954
4470,20,33,76
4471,63,44,177
4472,4,10,32
4473,1,3,3
4474,18,14,53
4475,3,11,15
4476,6,7,24
4477,8,15,36
4478,235,393,917
4479,6,10,47
4480,14,15,45
4481,40,56,166
4482,3,9,39
4483,71,71,322
4484,4,4,27
4485,8,6,25
4486,68,122,282
4487,1,4,8
4488,3,6,18
4489,64,122,314
4490,9,6,16
4491,37,55,140
4492,47,70,210
4493,4,12,31
4494,7,16,26
4495,0,4,18
4496,372,490,1623
4497,102,195,549
4498,23,46,123
4499,8,8,40
4500,0,2,12
4501,36,52,189
4502,1,6,21
4503,15,30,106
4504,346,486,1520
4505,124,170,578
4506,6,6,41
4507,0,4,24
4508,40,59,131
4509,5,2,16
4510,4,3,25
4511,12,35,68
4512,4,6,16
4513,1,14,10
4515,61,85,314
4516,4,10,13
4517,79,70,331
4518,11,26,46
4519,2,1,2
4520,1,1,17
4521,1,10,11
4522,34,27,104
4523,6,15,26
4524,10,16,69
4526,1,1,1
4527,224,340,896
4528,7,16,20
4529,226,360,1079
4530,1,6,12
4531,3,4,21
4532,1,3,11
4533,6,11,14
4534,32,65,191
4536,1,1,4
4537,4,8,29
4538,27,37,155
4539,4,11,31
4540,14,34,71
4541,11,19,63
4542,11,19,50
4543,21,32,78
4544,3,7,16
4545,10,16,62
4546,5,11,39
4547,49,96,344
4548,9,15,44
4549,0,5,27
4550,2,7,17
4551,4,6,16
4552,9,17,34
4553,3,13,26
4554,27,52,128
4555,24,63,156
4556,24,42,151
4557,0,2,6
4558,0,4,4
4559,244,217,868
4560,1,5,14
4561,97,103,233
4562,48,100,220
4563,11,17,26
4564,6,13,36
4565,13,32,111
4566,3,8,13
4567,21,25,81
4568,14,29,75
4569,176,280,689
4570,1,1,4
4571,14,28,76
4572,6,13,43
4573,11,43,87
4574,3,4,24
4575,95,175,411
4576,6,7,33
4577,4,6,12
4578,3,1,5
4580,3,2,12
4581,1,4,5
4582,6,10,28
4583,1,9,14
4584,5,15,50
4585,3,4,17
4586,5,16,47
4587,88,185,450
4588,9,25,53
4589,1,5,6
4590,4,1,34
4591,101,187,596
4592,2,1,19
4593,9,32,34
4594,6,31,97
4595,6,10,28
4596,1,2,3
4597,20,21,67
4598,251,366,995
4599,0,12,11
4600,0,2,5
4601,1,2,14
4602,11,27,73
4603,7,3,22
4604,3,4,10
4605,28,42,98
4606,3,12,39
4607,147,220,784
4608,0,0,4
4609,26,31,124
4610,9,13,44
4611,2,6,12
4612,4,11,24
4613,20,32,120
4614,5,6,33
4615,46,66,225
4616,178,300,764
4617,2,8,22
4618,6,8,34
4619,0,0,8
4620,33,54,107
4621,365,537,1515
4622,5,1,12
4623,15,29,45
4625,3,4,53
4626,4,8,23
4627,5,17,42
4628,3,7,25
4629,5,10,20
4630,16,43,107
4631,1,3,7
4632,1,6,5
4633,26,50,101
4634,314,479,1587
4635,0,2,3
4636,3,5,13
4637,134,189,638
4638,12,19,88
4639,0,2,11
4641,22,36,66
4642,326,578,1390
4643,30,39,95
4644,6,6,26
4646,5,18,81
4647,15,12,45
4648,19,27,78
4649,3,5,29
4650,5,7,31
4651,4,13,44
4652,0,4,10
4653,37,34,166
4654,3,5,20
4656,246,308,1045
4657,11,13,21
4658,6,12,42
4659,189,262,936
4661,4,7,25
4662,2,3,10
4663,4,11,33
4664,2,12,17
4665,5,0,8
4667,0,2,2
4668,8,4,8
4669,5,3,14
4671,0,1,15
4673,5,20,75
4674,2,3,17
4675,12,11,57
4676,383,528,1319
4677,14,20,92
4678,8,14,23
4679,297,382,1081
4680,3,7,12
4681,0,1,0
4682,81,115,338
4683,1,4,14
4684,5,21,47
4686,0,2,8
4687,2,7,26
4688,1,6,14
4689,10,18,58
4690,4,3,13
4691,1,0,9
4692,63,125,543
4693,2,6,24
4694,2,3,36
4695,1,3,3
4696,36,61,182
4697,1,11,8
4698,284,357,1035
4700,2,3,13
4701,3,7,18
4702,128,159,330
4703,1,13,17
4704,6,15,34
4705,6,20,46
4706,10,13,41
4707,3,8,36
4708,3,4,8
4709,415,540,1675
4710,211,244,1070
4711,1,1,6
4712,22,32,76
4713,2,6,17
4715,7,9,43
4716,1,7,4
4717,2,7,24
4718,5,4,29
4719,8,20,38
4720,6,14,27
4721,8,6,33
4722,8,10,19
4723,2,5,14
4724,1,8,19
4726,37,60,219
4727,0,0,5
4728,1,8,56
4730,1,7,16
4731,0,3,8
4732,6,11,14
4733,14,39,89
4734,26,31,119
4735,4,8,20
4737,0,0,5
4738,6,13,45
4739,8,8,22
4740,5,9,27
4741,31,35,107
4742,0,0,2
4743,0,2,16
4744,2,2,2
4745,5,9,57
4747,0,5,25
4748,60,88,320
4749,2,7,21
4750,1,3,30
4751,5,7,10
4752,0,2,10
4753,0,1,9
4754,5,11,35
4755,29,31,96
4756,5,5,23
4757,1,5,6
4758,1,5,13
4761,5,15,37
4762,0,3,9
4763,40,72,202
4765,7,10,17
4766,11,18,33
4767,34,74,155
4768,6,19,43
4769,2,6,20
4770,2,2,7
4771,5,5,12
4772,1,5,17
4773,4,7,8
4774,6,12,53
4775,29,43,125
4776,9,25,33
4777,25,41,116
4778,4,4,6
4780,1,14,27
4781,16,8,22
4782,8,11,43
4783,5,4,20
4784,1,7,13
4785,9,16,54
4786,1,12,25
4787,0,3,9
4790,1,1,9
4791,14,17,29
4792,99,131,490
4793,6,2,32
4794,14,47,56
4795,446,513,1713
4796,1,4,19
4797,3,10,21
4798,14,18,56
4799,10,10,37
4800,122,200,644
4801,13,16,57
4802,3,5,17
4803,1,3,14
4804,0,3,15
4806,12,16,46
4807,355,444,1625
4808,5,13,35
4809,7,33,84
4811,6,4,37
4812,37,50,144
4813,3,8,20
4814,9,8,22
4816,3,4,14
4817,15,19,75
4818,1,0,8
4819,0,2,20
4820,1,4,5
4821,144,270,689
4822,6,12,45
4823,1,1,3
4824,18,22,43
4825,70,85,232
4826,3,2,18
4827,4,10,14
4828,2,10,25
4829,14,28,53
4830,9,9,36
4831,4,7,35
4832,35,66,179
4833,9,14,37
4834,1,4,17
4835,1,7,22
4836,4,13,33
4837,3,6,14
4838,20,28,109
4839,77,119,428
4840,4,11,31
4841,8,5,25
4842,36,40,151
4843,2,8,13
4844,2,1,0
4845,0,0,3
4846,0,0,17
4847,401,567,1610
4848,5,3,19
4849,22,29,72
4850,6,20,50
4851,4,11,20
4854,5,4,24
4858,6,8,33
4859,89,120,472
4860,48,73,192
4861,21,13,40
4862,45,90,319
4863,5,10,36
4864,11,22,41
4865,187,228,917
4866,3,5,15
4868,1,6,10
4869,12,18,50
4870,4,1,15
4871,26,62,123
4872,6,19,15
4873,10,7,29
4874,2,5,19
4875,1,3,18
4876,10,32,51
4877,6,15,37
4878,2,7,9
4879,1,10,35
4880,20,26,67
4881,3,15,31
4882,0,2,6
4883,1,1,3
4884,3,3,27
4886,0,4,7
4887,39,95,220
4889,17,49,115
4890,2,12,26
4891,3,0,3
4892,1,4,9
4893,6,12,51
4894,2,2,34
4896,3,6,4
4897,21,41,161
4899,0,3,4
4900,15,12,42
4901,7,10,26
4902,341,364,1547
4903,12,30,41
4904,1,2,5
4905,5,5,42
4906,245,329,961
4908,0,4,12
4909,3,3,4
4910,65,125,241
4911,1,3,14
4912,11,20,59
4913,11,13,55
4915,23,38,64
4916,11,17,46
4917,0,3,22
4919,1,4,3
4920,15,23,43
4921,3,2,12
4922,14,31,145
4923,8,15,35
4924,456,685,1559
4925,6,7,34
4927,46,71,197
4928,0,1,3
4929,34,65,171
4930,7,11,24
4931,24,62,108
4932,3,9,14
4934,1,3,10
4935,4,7,23
4937,1,6,14
4939,127,154,607
4940,21,49,116
4941,1,11,48
4942,28,54,151
4943,1,18,37
4945,7,11,34
4947,25,43,95
4948,2,4,10
4949,35,37,135
4950,0,4,8
4951,2,8,18
4952,29,45,125
4953,11,20,82
4954,8,20,42
4955,2,2,7
4956,15,36,68
4957,1,4,19
4958,4,5,21
4959,1,0,9
4960,7,6,24
4961,13,17,77
4962,391,643,1851
4963,336,716,2170
4964,5,12,30
4965,1,2,21
4966,1,3,22
4967,2,7,13
4968,16,32,89
4969,12,10,42
4970,3,5,10
4971,11,15,47
4972,1,6,17
4973,47,77,208
4974,9,18,43
4975,1,3,15
4976,82,94,350
4977,12,15,51
4978,6,16,60
4979,2,3,19
4980,47,85,246
4981,1,2,12
4982,28,57,93
4983,28,27,87
4984,8,11,34
4985,1,1,17
4986,7,15,41
4987,0,3,12
4988,9,13,46
4989,52,72,235
4990,1,4,7
4991,4,12,27
4992,0,0,6
4993,7,10,34
4994,24,25,72
4995,24,44,155
4996,2,6,30
4997,2,6,16
4998,11,24,67
4999,7,17,35
5000,11,29,94
5001,15,15,44
5002,2,2,18
5003,22,33,49
5004,3,3,10
5006,7,8,38
5007,12,32,54
5008,1,3,10
5009,3,7,19
5010,2,8,27
5012,200,274,1070
5013,129,197,609
5014,10,17,55
5015,353,415,1481
5016,8,9,34
5017,6,4,27
5018,5,11,42
5019,1,5,15
5020,2,2,12
5021,124,162,684
5022,2,12,38
5023,2,0,7
5024,9,9,26
5025,11,29,59
5026,18,45,114
5027,5,4,34
5029,6,5,61
5030,70,106,271
5031,5,5,38
5032,13,15,46
5033,24,46,114
5034,5,8,23
5035,146,188,593
5036,5,2,30
5037,7,9,20
5038,11,12,32
5039,20,26,76
5040,0,1,10
5041,28,33,102
5043,2,2,17
5044,129,161,434
5045,31,49,92
5046,124,203,513
5047,0,1,9
5048,5,5,12
5049,29,48,70
5050,1,7,17
5051,2,1,9
5053,81,98,330
5054,3,1,17
5055,2,1,16
5057,39,77,204
5058,15,25,75
5059,1,2,13
5060,35,40,125
5061,252,360,1027
5062,9,15,36
5063,9,14,56
5064,94,148,473
5065,3,9,41
5066,9,28,55
5067,4,22,28
5068,10,6,31
5069,65,106,433
5070,123,186,593
5071,381,575,2177
5072,108,119,399
5073,7,15,32
5074,1,5,15
5075,132,211,579
5076,7,14,33
5077,14,24,83
5078,14,10,73
5080,3,4,8
5081,0,6,16
5082,2,6,18
5083,0,4,15
5084,17,36,166
5085,1,3,6
5086,175,276,727
5087,243,305,875
5088,26,54,146
5089,8,12,37
5090,4,11,41
5091,30,39,128
5092,11,12,52
5093,4,0,9
5094,80,97,255
5095,9,7,21
5096,5,9,21
5097,116,174,644
5099,15,19,41
5100,2,5,17
5101,14,16,74
5102,2,10,14
5103,4,8,25
5104,10,11,54
5105,14,21,68
5106,0,6,13
5107,10,18,57
5108,17,44,105
5109,48,72,183
5110,0,10,20
5111,21,41,121
5113,10,5,43
5115,8,12,30
5116,4,9,41
5117,0,1,11
5118,27,47,142
5119,16,21,48
5120,386,379,1347
5121,5,21,28
5123,0,2,9
5125,1,4,8
5126,47,68,287
5127,5,12,25
5128,19,42,113
5129,2,0,24
5130,6,5,20
5131,0,4,13
5132,3,6,21
5133,42,55,185
5134,2,8,21
5135,41,58,164
5137,67,87,321
5138,120,190,645
5139,49,84,245
5140,0,3,8
5142,315,414,1277
5143,10,23,40
5144,3,7,12
5145,0,1,8
5146,13,10,26
5147,58,123,344
5148,5,3,16
5149,2,7,18
5150,111,169,571
5151,19,50,120
5152,1,0,12
5153,5,11,16
5154,2,7,11
5155,9,19,50
5156,48,74,312
5157,1,2,10
5158,81,123,265
5161,2,5,28
5163,9,9,35
5164,9,18,51
5165,8,38,70
5166,1,17,25
5167,23,25,77
5168,12,13,34
5169,16,26,72
5171,10,9,37
5172,11,15,40
5173,3,1,6
5174,6,8,33
5175,9,11,21
5176,0,4,5
5177,2,10,14
5178,1,2,4
5179,15,35,54
5180,19,45,109
5181,260,370,1048
5184,7,13,33
5185,8,4,35
5186,5,4,27
5187,3,8,18
5188,8,17,51
5189,172,250,825
5190,21,20,54
5191,5,6,18
5192,2,5,6
5193,16,26,85
5194,2,5,21
5195,25,36,94
5196,0,0,5
5197,26,34,137
5198,2,6,15
5199,9,13,24
5200,4,25,55
5201,41,49,211
5202,13,20,63
5204,6,9,31
5205,20,50,99
5206,78,151,487
5208,2,9,9
5209,23,60,217
5210,13,33,76
5211,6,16,50
5212,23,41,127
5214,35,55,127
5216,20,23,59
5217,239,338,942
5218,1,1,4
5219,20,12,46
5220,22,33,81
5221,149,174,616
5223,23,67,130
5224,72,149,349
5225,43,73,224
5226,9,6,26
5227,3,3,21
5228,15,18,86
5229,16,25,73
5230,15,20,70
5232,9,11,56
5234,12,7,42
5235,154,152,603
5236,4,5,15
5237,24,63,90
5239,7,12,39
5240,2,8,26
5242,9,13,49
5243,117,150,596
5244,8,8,31
5245,34,47,116
5246,176,228,717
5247,2,2,11
5248,15,27,63
5249,4,0,6
5250,6,2,19
5251,6,9,20
5252,2,7,22
5254,39,56,228
5255,16,19,69
5256,0,1,15
5257,14,21,69
5258,40,81,166
5260,32,27,100
5261,38,63,221
5262,7,15,34
5263,11,23,35
5264,1,1,5
5265,36,63,147
5266,20,32,85
5267,225,333,1119
5268,66,102,262
5269,269,355,850
5271,2,5,28
5272,8,25,77
5273,12,25,50
5274,2,11,12
5275,133,171,672
5276,34,71,175
5277,10,13,44
5278,3,5,25
5279,6,15,22
5280,2,2,3
5282,43,54,166
5283,58,95,357
5284,107,187,515
5285,43,57,144
5288,1,2,5
5289,4,6,27
5290,27,46,171
5291,118,152,516
5292,0,3,6
5293,0,0,6
5294,11,7,24
5296,235,327,968
5297,198,318,871
5298,188,249,874
5299,0,2,8
5300,8,8,36
5301,3,1,14
5302,114,161,397
5303,29,63,172
5304,7,24,46
5305,1,2,11
5306,12,24,57
5307,18,17,84
5308,239,376,1032
5309,36,76,226
5310,363,459,1509
5311,1,6,15
5312,25,52,124
5313,3,5,28
5314,0,4,12
5316,14,15,64
5317,12,27,66
5318,125,146,475
5320,76,104,398
5321,34,63,183
5322,4,4,29
5323,33,35,120
5324,5,2,16
5325,7,7,34
5327,5,3,11
5328,41,56,152
5329,260,347,1061
5330,0,2,10
5331,56,111,272
5333,47,76,214
5334,13,21,56
5335,45,72,240
5336,4,16,41
5337,145,213,551
5338,10,21,40
5339,11,30,76
5340,446,619,1861
5341,27,36,84
5342,33,56,190
5343,49,71,213
5344,159,217,845
5345,4,11,32
5346,101,224,431
5347,64,90,259
5348,14,22,60
5349,12,24,58
5351,3,6,6
5352,33,55,141
5353,25,24,71
5354,26,44,104
5355,23,33,71
5356,192,321,910
5358,31,55,172
5359,2,5,21
5360,13,23,80
5361,69,105,373
5362,8,23,54
5363,10,19,68
5364,34,35,85
5365,120,185,481
5368,4,9,29
5369,6,24,48
5370,2,7,22
5371,41,47,150
5372,18,47,102
5373,2,2,10
5374,237,336,1067
5375,156,243,719
5376,40,67,152
5377,3,5,22
5378,50,62,145
5380,11,14,53
5382,31,88,283
5383,2,3,9
5384,126,186,553
5385,33,55,138
5386,26,40,133
5387,6,5,23
5388,11,16,53
5389,2,13,24
5390,26,43,109
5391,384,626,1646
5392,82,118,324
5393,64,133,353
5394,33,60,196
5396,42,56,146
5397,33,50,91
5398,0,1,12
5399,2,4,31
5400,3,13,15
5401,46,81,175
5402,165,186,664
5405,4,6,36
5406,12,24,54
5407,439,401,1590
5408,350,528,1613
5409,58,65,228
5410,48,79,214
5411,28,37,136
5412,0,1,11
5413,34,38,110
5415,19,41,110
5416,2,2,18
5417,39,75,179
5418,154,203,596
5419,5,5,16
5420,12,36,94
5423,15,28,63
5424,1,4,7
5425,72,127,323
5426,42,84,166
5427,3,4,12
5428,401,493,1660
5429,0,4,12
5430,25,51,83
5431,21,30,113
5433,23,27,95
5434,26,22,61
5435,95,134,428
5436,13,26,54
5437,57,103,298
5438,19,63,126
5439,6,8,18
5440,2,3,15
5441,132,205,544
5442,14,30,80
5443,16,20,83
5444,42,73,162
5445,193,319,996
5446,7,9,27
5447,29,36,121
5448,50,76,248
5449,339,422,1560
5450,439,445,2088
5451,6,19,47
5452,158,185,595
5454,276,377,1135
5455,12,24,101
5456,12,30,54
5457,3,13,27
5458,78,119,360
5460,25,42,131
5461,65,89,257
5462,559,543,2176
5463,379,446,1518
5464,300,419,1416
5465,0,2,10
5466,203,363,965
5467,1,2,9
5468,18,19,91
5469,53,96,235
5470,16,14,61
5471,3,7,25
5472,36,46,167
5473,2,2,22
5474,21,26,101
5475,86,148,387
5476,2,16,44
5477,149,204,455
5478,14,25,41
5480,82,141,335
5481,16,48,99
5482,415,609,1779
5483,9,5,27
5484,13,17,47
5485,18,27,67
5486,54,89,225
5487,103,153,442
5488,40,68,203
5489,8,10,25
5490,133,228,618
5491,14,13,111
5492,14,27,82
5493,13,20,43
5494,17,28,76
5495,9,13,26
5496,1,12,32
5497,133,169,617
5498,117,193,514
5499,199,257,767
5501,193,285,764
5502,24,27,107
5503,65,90,327
5505,7,14,61
5506,14,17,85
5507,42,38,185
5508,1,3,15
5509,75,113,462
5510,312,421,1308
5511,154,260,697
5512,32,51,145
5513,111,146,408
5514,6,10,32
5515,27,32,94
5516,12,6,50
5517,160,206,612
5518,310,479,1617
5519,104,144,358
5520,7,31,79
5521,44,85,220
5522,37,65,146
5523,21,21,104
5525,37,76,211
5526,129,190,535
5527,8,14,43
5528,78,98,282
5530,272,393,1038
5531,470,632,1845
5532,28,34,87
5533,8,13,46
5534,27,26,95
5535,8,5,17
5536,48,119,199
5537,7,8,55
5538,101,123,447
5539,17,22,60
5540,21,23,68
5541,1,6,4
5542,468,532,1675
5543,8,21,49
5544,61,92,315
5545,27,32,96
5546,103,195,371
5547,330,503,1516
5548,6,9,31
5549,247,324,966
5550,5,6,17
5551,402,548,1551
5552,0,0,5
5553,9,16,52
5554,2,5,15
5555,49,50,188
5556,20,35,85
5558,40,48,150
5559,497,678,1880
5562,5,16,41
5563,120,166,451
5564,328,556,1442
5565,133,163,745
5566,56,89,256
5567,49,69,201
5569,7,11,64
5570,32,43,126
5571,3,9,15
5572,197,249,652
5573,23,33,108
5574,3,11,18
5575,6,13,32
5576,11,12,45
5577,77,91,260
5578,11,16,44
5579,31,43,119
5580,18,28,80
5582,239,411,1279
5583,6,14,36
5584,8,14,25
5585,38,76,148
5586,2,1,11
5587,15,16,64
5588,9,26,56
5589,9,28,38
5590,81,113,340
5591,407,641,1659
5592,25,52,89
5594,34,40,169
5595,37,60,157
5596,7,19,25
5597,61,99,292
5598,43,64,164
5599,31,43,119
5600,316,353,1109
5601,160,241,645
5602,1,1,12
5603,304,364,1145
5604,2,7,26
5605,447,592,1935
5606,10,14,24
5607,73,102,217
5608,337,687,1652
5609,2,4,11
5610,11,8,36
5611,1,6,9
5612,23,30,97
5614,299,276,998
5616,10,12,25
5617,7,9,29
5618,324,429,1300
5619,3,11,11
5620,224,364,840
5621,243,401,1021
5622,11,11,35
5623,2,3,14
5624,104,137,435
5625,90,112,310
5626,68,94,216
5627,8,8,36
5628,4,13,22
5629,60,63,178
5630,2,7,15
5631,22,37,99
5632,18,25,100
5633,31,24,67
5634,33,52,174
5635,9,26,57
5636,114,201,428
5637,301,529,1315
5638,89,138,420
5639,50,93,266
5640,22,53,155
5641,161,210,652
5643,118,110,409
5644,25,25,88
5645,22,33,85
5646,12,19,62
5647,186,261,682
5648,11,22,66
5649,363,517,2002
5650,54,83,208
5651,0,0,4
5652,32,43,174
5653,14,13,47
5654,43,58,175
5655,1,3,9
5656,86,142,384
5657,6,15,28
5658,4,1,11
5659,418,561,1605
5660,11,18,41
5661,6,7,14
5662,160,284,667
5663,35,64,187
5665,10,7,40
5666,24,38,87
5667,5,5,12
5669,278,420,1150
5670,95,91,417
5671,82,118,370
5672,21,16,54
5673,6,21,38
5675,216,282,879
5676,305,398,1142
5677,347,456,1396
5678,24,23,100
5679,6,8,32
5680,3,8,18
5681,63,81,225
5682,4,1,27
5683,0,0,1
5684,10,22,43
5685,12,28,65
5686,213,366,805
5687,11,30,81
5689,32,44,170
5690,12,29,73
5691,5,11,27
5692,140,228,572
5693,61,85,317
5696,59,104,213
5697,334,464,1476
5698,3,3,13
5699,17,12,73
5700,10,20,44
5701,33,50,144
5702,9,6,29
5703,52,77,279
5704,32,64,104
5705,267,332,899
5706,48,59,206
5707,13,17,70
5708,4,6,14
5710,80,108,198
5711,76,146,320
5713,372,554,1613
5715,2,4,28
5716,55,84,239
5717,11,29,42
5718,11,21,55
5719,434,577,1681
5720,3,4,10
5721,96,166,368
5722,15,18,55
5723,105,149,434
5724,27,35,99
5725,13,22,52
5726,10,19,56
5727,94,173,496
5728,72,107,320
5729,6,15,27
5730,3,11,19
5731,6,32,76
5732,26,50,106
5733,154,227,728
5734,2,7,28
5735,26,32,76
5736,13,38,43
5737,2,9,20
5738,12,27,68
5739,114,161,507
5740,160,245,607
5741,20,13,45
5742,31,38,108
5743,5,2,17
5744,15,26,56
5745,90,140,313
5746,68,102,312
5747,19,16,71
5748,6,17,25
5749,20,26,70
5750,389,592,1760
5751,172,321,826
5752,98,137,372
5753,5,12,34
5754,17,23,57
5755,38,58,142
5756,52,79,192
5757,6,8,18
5758,34,68,133
5759,49,74,239
5760,13,19,49
5761,20,36,74
5762,192,272,728
5763,118,170,452
5764,1,1,20
5765,130,186,530
5767,13,33,92
5768,25,28,74
5769,124,166,370
5771,128,180,470
5772,4,2,9
5773,172,247,635
5774,39,86,191
5775,1,1,3
5776,311,479,1462
5777,45,72,247
5778,174,309,765
5779,55,75,248
5780,59,120,254
5781,40,68,177
5782,11,23,42
5783,19,34,81
5784,6,12,32
5785,12,41,69
5786,62,80,209
5787,3,2,5
5788,19,46,124
5789,19,32,132
5790,3,3,32
5792,130,165,504
5793,52,90,213
5794,35,49,159
5795,6,8,23
5796,250,288,861
5797,3,4,15
5799,91,114,409
5801,264,422,1136
5802,103,130,270
5803,4,3,22
5805,18,43,64
5806,13,22,47
5807,93,134,319
5808,65,69,219
5809,289,426,1108
5810,44,41,122
5811,57,88,233
5812,11,19,58
5813,43,67,185
5814,12,36,88
5815,22,41,85
5816,11,8,32
5817,46,47,166
5818,80,149,379
5819,37,53,171
5820,7,11,29
5822,25,39,108
5823,128,171,422
5824,3,11,26
5825,9,18,23
5826,19,39,106
5827,45,79,215
5828,49,53,163
5829,100,140,425
5830,9,27,98
5831,26,50,144
5832,91,181,475
5833,127,182,492
5834,4,9,15
5835,4,22,57
5836,5,15,26
5838,53,103,223
5839,7,12,37
5841,5,15,34
5842,45,57,125
5843,559,393,1390
5844,76,97,306
5845,39,77,223
5846,35,43,139
5847,43,75,167
5848,408,524,1762
5849,299,383,1363
5850,112,166,391
5851,34,61,129
5852,54,109,233
5853,337,446,1162
5854,23,28,98
5855,119,201,419
5856,8,26,58
5857,172,215,580
5858,14,8,24
5859,15,28,44
5860,23,48,89
5861,26,62,120
5862,11,15,54
5863,225,364,951
5864,18,30,108
5865,58,64,304
5866,24,53,142
5867,22,25,76
5868,25,53,102
5869,84,98,342
5870,2,9,25
5871,20,55,96
5872,15,28,58
5873,67,127,298
5874,0,1,3
5875,23,27,51
5876,25,32,99
5877,5,21,47
5878,407,551,1505
5879,85,135,348
5880,2,8,23
5881,7,13,27
5882,55,142,295
5884,4,6,26
5885,1,4,8
5886,1,3,4
5887,90,182,459
5888,1,6,28
5889,47,75,254
5890,33,57,148
5891,13,25,48
5892,21,14,51
5893,44,73,188
5894,62,134,293
5895,68,90,296
5896,0,0,7
5897,94,160,495
5898,279,383,1068
5899,86,135,301
5900,3,6,17
5901,21,25,57
5902,2,17,44
5903,202,254,608
5904,115,234,739
5905,11,24,74
5906,9,10,25
5907,156,238,530
5908,233,389,1193
5909,19,48,115
5910,25,40,102
5911,43,59,169
5912,165,245,705
5913,2,4,10
5914,10,5,14
5915,5,9,23
5916,69,136,325
5917,63,81,273
5918,78,130,272
5919,9,7,22
5920,12,18,56
5921,20,26,60
5922,14,39,135
5923,27,72,179
5924,149,209,691
5925,111,134,488
5926,25,44,141
5927,25,47,94
5928,102,182,474
5929,13,38,64
5930,10,22,43
5931,37,34,128
5932,22,60,110
5933,10,20,50
5934,3,3,16
5935,234,269,832
5936,94,133,546
5937,47,70,192
5938,235,339,863
5939,7,22,51
5940,137,199,869
5941,147,207,543
5942,44,50,151
5943,130,175,493
5944,99,141,335
5945,0,1,15
5946,13,24,51
5947,13,14,34
5948,29,38,97
5949,278,407,1160
5951,16,18,51
5952,14,18,50
5953,82,111,364
5954,1,6,16
5957,260,358,1374
5958,128,196,632
5959,242,269,778
5960,22,27,77
5961,20,36,82
5962,111,161,429
5963,4,8,31
5964,97,123,359
5965,53,76,218
5966,23,47,81
5967,3,14,29
5968,5,10,29
5969,1,6,10
5970,35,68,208
5971,27,50,110
5972,13,28,86
5973,34,56,122
5974,29,40,107
5975,182,271,731
5976,76,120,343
5977,6,17,35
5978,37,60,178
5979,189,250,597
5980,49,78,242
5981,9,15,50
5982,12,8,27
5983,11,15,92
5984,271,352,992
5985,19,46,114
5986,9,22,60
5987,50,107,243
5988,14,15,46
5991,74,128,316
5992,26,49,131
5993,264,404,950
5995,4,8,41
5996,3,8,17
5997,7,8,39
5998,128,169,431
5999,8,19,41
6000,108,156,416
6001,17,29,65
6002,52,115,286
6003,83,143,326
6004,5,18,44
6005,51,79,206
6006,26,35,87
6007,30,29,95
6008,192,317,973
6009,52,62,167
6010,33,32,157
6011,5,12,42
6012,37,68,174
6013,428,544,1302
6014,5,5,22
6015,39,61,112
6016,26,52,112
6020,8,34,85
6022,41,78,214
6023,20,32,96
6024,485,684,1565
6026,21,49,117
6027,10,23,57
6028,4,3,7
6030,56,123,264
6031,6,2,9
6034,13,17,52
6037,18,21,70
6039,15,25,60
6041,291,497,1318
6042,53,70,194
6043,96,197,402
6044,49,34,118
6045,149,276,970
6046,43,76,304
6047,0,4,18
6048,11,28,38
6049,18,32,85
6050,6,23,47
6053,534,350,1077
6054,300,438,1372
6055,5,6,34
6056,280,422,1344
6057,253,316,1244
6058,83,151,455
6060,41,46,155
6061,203,314,675
6064,42,67,130
6065,29,67,124
6066,397,559,1325
6067,8,13,29
6068,3,5,22
6070,275,416,1421
6071,4,14,23
6072,32,50,112
6073,122,169,426
6075,9,17,53
6076,43,68,142
6078,63,107,261
6082,54,79,187
6083,16,25,63
6084,22,38,76
6085,14,17,58
6088,144,238,790
6089,32,55,174
6091,333,559,1527
6092,85,83,292
6094,286,385,1218
6095,12,21,58
6096,22,54,127
6100,60,129,246
6101,91,126,391
6106,18,34,85
6107,73,83,256
6111,111,152,443
6113,30,45,191
6114,51,81,199
6115,280,389,1109
6116,10,18,41
6117,208,327,629
6118,81,89,244
6119,427,568,1291
6120,122,247,610
6121,12,34,80
6124,117,181,463
6126,152,269,560
6127,23,39,119
6128,370,537,1325
6129,309,366,1472
6132,106,158,479
6134,6,16,39
6136,36,58,154
6137,188,259,651
6138,329,430,1434
6140,127,166,412
6142,33,94,177
6145,55,107,206
6148,131,177,477
6149,251,385,854
6150,149,250,621
6153,152,231,656
6154,113,199,457
6155,98,191,418
6156,42,54,94
6157,161,230,629
6158,159,209,705
6159,114,114,447
6160,19,27,53
6163,32,45,130
6164,13,31,57
6165,315,457,1156
6167,59,88,188
6168,362,560,1498
6171,106,156,423
6172,12,17,42
6173,89,143,250
6174,32,56,155
6175,13,25,43
6176,3,5,23
6178,106,210,447
6179,26,28,89
6180,12,37,104
6181,56,89,223
6182,8,11,33
6183,6,9,19
6184,38,95,183
6185,37,70,108
6186,44,71,199
6187,66,91,226
6188,15,26,61
6189,55,76,211
6190,30,50,157
6191,50,52,154
6192,3,2,21
6193,13,36,55
6194,87,150,313
6195,5,17,41
6196,90,139,292
6199,16,28,97
6200,25,61,134
6202,365,529,1291
6203,61,98,291
6204,199,284,854
6205,38,60,196
6206,32,67,137
6207,42,84,176
6208,341,572,1560
6209,62,110,249
6210,210,318,910
6211,42,56,130
6212,78,108,378
6213,26,31,95
6215,121,226,504
6218,6,5,37
6219,21,62,161
6220,37,49,119
6221,36,43,115
6222,35,84,130
6223,31,52,115
6224,10,18,83
6225,43,97,247
6226,12,31,56
6227,16,27,63
6228,24,35,88
6229,37,85,161
6230,181,297,672
6231,5,6,15
6232,22,31,78
6233,296,481,1338
6234,13,9,42
6235,211,343,796
6236,74,124,315
6238,76,143,405
6239,8,18,34
6240,5,7,19
6241,13,18,66
6242,314,541,1330
6244,73,131,258
6245,60,100,290
6246,26,34,83
6247,150,249,755
6248,102,165,439
6249,38,78,196
6250,133,182,522
6251,9,32,50
6253,224,344,1053
6255,129,151,588
6256,172,244,811
6257,50,86,211
6259,64,116,275
6260,36,74,184
6261,424,615,1713
6262,89,141,342
6263,53,100,192
6264,57,88,296
6265,170,265,655
6266,35,91,190
6267,123,199,502
6268,101,188,471
6269,18,25,45
6270,23,27,105
6272,55,82,251
6273,208,369,925
6274,2,4,18
6276,227,324,923
6278,45,61,122
6279,18,37,82
6282,58,90,201
6283,73,114,371
6284,251,380,927
6285,47,51,177
6286,115,181,454
6287,75,138,423
6288,133,191,557
6289,148,247,557
6290,33,55,144
6291,48,63,204
6292,116,168,460
6294,197,270,894
6295,8,24,39
6296,64,84,271
6298,43,68,224
6299,54,89,200
6301,151,310,849
6302,96,166,419
6303,27,38,114
6304,93,119,357
6305,32,44,113
6306,96,168,386
6307,220,325,858
6308,68,106,284
6309,36,38,123
6310,63,116,296
6311,28,33,72
6312,298,456,1216
6313,59,139,298
6314,286,463,1450
6315,54,105,307
6316,27,45,88
6317,107,155,346
6318,55,75,240
6321,15,31,96
6322,119,210,487
6323,112,145,415
6324,82,131,338
6325,59,105,216
6326,85,140,358
6327,367,495,1436
6328,42,86,180
6329,123,156,423
6330,43,79,150
6331,206,280,722
6332,173,246,711
6333,42,70,211
6334,23,48,118
6335,14,33,65
6336,172,245,542
6337,176,224,728
6338,232,355,950
6339,266,395,897
6340,244,351,851
6342,315,512,1161
6343,25,52,104
6344,10,14,64
6345,6,7,21
6346,89,159,465
6347,178,251,711
6348,275,413,1116
6349,201,365,1034
6350,5,9,32
6351,180,327,900
6352,51,106,270
6353,77,114,430
6354,332,460,1086
6355,174,250,713
6356,164,280,672
6357,105,112,344
6358,96,148,347
6362,19,31,89
6363,69,112,320
6364,17,17,39
6365,6,14,43
6367,97,175,336
6369,12,9,58
6370,25,44,131
6371,81,101,274
6372,24,28,85
6373,3,17,42
6374,348,513,1388
6375,86,191,341
6376,91,186,408
6377,36,49,155
6378,41,83,227
6380,410,633,1516
6381,426,580,1660
6382,243,352,1073
6385,85,125,294
6386,149,223,618
6387,143,268,597
6388,16,36,89
6389,48,54,192
6390,116,165,356
6392,44,53,167
6393,169,247,631
6394,23,17,54
6396,220,276,959
6397,112,171,418
6398,212,287,695
6399,77,123,329
6400,83,151,329
6401,107,237,589
6402,64,90,242
6403,373,514,1555
6404,30,27,104
6405,27,38,120
6406,180,289,885
6407,198,247,692
6408,110,164,407
6409,82,103,340
6411,257,320,1047
6412,7,21,24
6413,39,58,153
6414,104,170,429
6415,169,281,1139
6416,100,161,351
6417,160,228,583
6418,42,43,149
6419,55,56,173
6420,8,7,31
6421,116,210,505
6422,116,199,579
6423,182,230,682
6424,1,2,5
6425,128,201,546
6427,29,39,149
6428,292,560,1594
6429,99,146,266
6430,160,272,593
6432,76,144,280
6433,61,127,351
6434,6,21,36
6435,15,34,85
6437,41,58,162
6438,306,545,1234
6439,72,125,274
6440,3,13,23
6443,88,97,374
6444,64,115,265
6445,157,245,682
6446,20,35,96
6447,47,110,245
6448,38,48,123
6449,205,354,860
6450,30,25,90
6451,452,638,1763
6452,49,60,178
6455,183,312,845
6456,113,181,490
6457,184,315,710
6458,9,10,42
6459,30,41,96
6460,73,142,295
6461,13,17,49
6463,402,457,1470
6464,381,630,1642
6465,180,246,725
6467,63,107,242
6468,9,16,41
6469,24,31,140
6470,348,536,1178
6471,89,137,295
6473,58,58,178
6474,62,109,312
6475,39,38,108
6476,6,10,26
6477,25,44,115
6478,136,174,668
6479,35,65,187
6480,308,524,1133
6481,34,80,169
6482,0,2,11
6483,50,98,218
6484,16,17,57
6485,159,272,831
6486,15,25,69
6487,4,9,42
6488,65,112,285
6490,34,62,132
6491,83,112,237
6492,20,34,103
6493,7,9,29
6495,20,39,101
6496,40,69,158
6498,97,95,380
6499,18,30,70
6500,29,47,171
6501,397,585,1402
6502,94,138,343
6504,35,68,145
6505,173,240,757
6506,20,19,105
6507,183,256,705
6509,13,16,30
6510,36,57,181
6511,48,44,171
6512,76,113,264
6513,34,69,155
6514,255,388,903
6515,46,100,200
6516,23,42,164
6517,16,31,114
6518,32,53,123
6519,16,22,49
6520,10,23,67
6521,224,292,745
6522,13,31,66
6523,108,161,439
6524,47,70,160
6525,7,14,44
6527,70,105,318
6528,122,186,443
6529,177,277,625
6530,42,53,146
6531,123,208,483
6532,149,228,564
6533,47,60,160
6534,65,100,256
6536,108,163,541
6537,37,71,155
6538,36,67,241
6539,375,510,1171
6540,26,40,120
6542,10,41,52
6543,32,43,100
6544,45,53,183
6545,18,25,65
6546,234,368,1184
6547,11,13,32
6549,24,34,110
6550,17,52,106
6551,2,4,10
6552,26,35,124
6553,62,111,277
6554,11,17,43
6555,5,9,34
6556,18,42,107
6557,27,46,79
6558,121,171,377
6559,5,12,20
6560,55,103,227
6561,38,77,213
6563,351,526,1187
6564,163,262,813
6565,33,35,98
6566,81,188,385
6567,362,545,1137
6568,11,15,29
6569,240,440,1327
6570,1,5,5
6571,15,21,67
6573,49,66,209
6574,78,153,426
6575,40,55,187
6576,370,532,1775
6577,211,290,663
6578,96,153,332
6579,6,13,34
6580,368,563,1444
6581,283,479,1095
6582,100,150,389
6583,7,41,76
6584,38,58,158
6585,5,9,20
6588,95,205,603
6589,349,531,1402
6590,268,397,963
6592,23,37,94
6593,71,125,251
6594,47,69,181
6595,93,173,481
6596,59,79,188
6597,85,139,278
6598,35,52,168
6599,194,289,641
6600,133,221,441
6601,50,71,183
6602,8,9,45
6604,37,48,114
6606,13,24,84
6608,19,27,83
6609,20,61,81
6610,16,33,74
6611,35,36,140
6612,4,15,45
6613,91,127,354
6614,22,58,156
6615,37,63,127
6616,8,15,32
6617,366,489,1232
6618,14,33,84
6619,93,120,352
6620,45,99,162
6621,8,7,36
6622,56,100,211
6623,51,119,244
6625,224,414,863
6626,68,115,245
6627,53,54,163
6628,427,675,1586
6629,51,95,208
6630,276,413,1002
6631,174,320,668
6632,27,42,121
6634,16,36,65
6635,255,341,1044
6638,34,38,116
6639,350,548,2003
6640,9,33,55
6641,80,151,337
6642,49,107,225
6644,17,45,116
6645,23,45,119
6646,128,203,498
6648,41,82,196
6649,91,149,313
6650,107,189,395
6651,351,431,1197
6652,38,79,137
6653,30,57,193
6655,10,26,92
6656,42,62,143
6658,36,41,100
6659,131,194,560
6661,77,85,390
6662,39,76,165
6663,70,90,206
6664,25,47,168
6666,230,361,786
6667,25,44,110
6668,33,67,134
6669,31,67,148
6670,28,48,131
6671,48,76,142
6673,36,59,164
6674,47,88,283
6676,289,327,926
6677,21,56,140
6678,250,335,910
6679,69,116,258
6680,64,61,195
6681,67,110,254
6682,138,192,468
6685,101,176,559
6687,50,61,175
6688,142,205,478
6689,109,167,338
6690,113,154,518
6691,115,188,455
6692,22,61,123
6693,290,381,980
6694,30,90,194
6695,87,155,316
6697,85,89,271
6698,103,190,421
6701,94,136,365
6702,70,110,368
6703,72,136,383
6704,21,37,82
6705,106,165,417
6706,34,22,97
6707,243,304,1055
6708,33,55,125
6709,167,308,578
6712,8,20,41
6714,51,104,226
6715,33,34,114
6716,28,68,193
6717,12,25,70
6718,44,94,266
6719,13,24,69
6720,20,35,67
6722,63,73,215
6723,236,412,975
6724,111,245,471
6725,165,288,576
6726,363,568,1499
6727,5,12,24
6728,50,59,145
6730,87,162,335
6732,21,36,96
6733,58,122,182
6735,31,50,91
6736,98,165,394
6737,16,42,75
6738,61,109,234
6739,64,59,170
6740,24,46,111
6741,29,42,75
6744,180,279,760
6745,46,78,211
6746,72,154,323
6747,94,162,403
6748,139,207,570
6750,172,218,743
6751,21,27,72
6753,201,325,745
6755,21,39,91
6756,282,403,883
6757,32,38,96
6758,61,94,264
6759,140,228,583
6760,69,108,197
6761,79,112,307
6762,110,226,424
6763,51,56,149
6764,148,235,622
6765,29,46,107
6766,165,243,569
6768,82,107,293
6769,118,175,398
6770,64,89,241
6771,78,113,369
6772,17,27,62
6773,103,171,452
6774,332,597,1657
6775,189,363,791
6776,10,31,61
6778,183,219,602
6780,134,200,448
6781,70,95,213
6782,103,190,466
6783,136,206,652
6785,54,93,161
6786,184,206,511
6787,121,183,430
6788,59,97,240
6789,136,211,591
6790,344,556,1324
6792,46,72,271
6793,194,303,684
6794,84,161,338
6795,287,452,1089
6796,157,175,456
6797,56,65,183
6799,202,406,793
6800,421,506,1289
6801,361,564,1221
6803,349,559,1202
6804,51,80,181
6805,75,116,255
6807,377,633,1650
6808,47,70,162
6810,49,68,147
6811,40,48,120
6814,266,444,1219
6815,10,19,55
6816,63,86,256
6818,53,78,152
6819,144,201,668
6820,9,11,31
6822,336,499,1246
6823,102,212,472
6824,215,313,800
6828,177,251,705
6829,148,316,775
6831,332,548,1295
6833,52,98,207
6834,84,89,330
6835,193,291,983
6836,95,123,322
6837,48,56,166
6838,81,109,305
6839,54,96,261
6840,31,64,143
6842,165,251,569
6843,139,211,669
6845,63,91,269
6846,38,73,162
6847,314,575,1354
6848,80,125,327
6849,159,284,674
6851,17,30,79
6852,136,196,422
6857,130,174,490
6860,76,93,250
6861,35,55,135
6862,464,568,1516
6863,185,307,636
6867,179,296,618
6869,94,122,316
6870,328,463,1227
6872,189,248,868
6873,342,479,1320
6874,47,50,160
6878,462,665,1651
6879,192,303,784
6880,20,43,75
6881,202,284,833
6882,3,8,19
6883,309,391,1040
6884,148,261,554
6885,106,184,466
6887,161,256,570
6891,125,218,447
6893,271,398,925
6897,150,260,599
6898,121,187,455
6901,51,67,146
6902,170,228,549
6904,246,418,1173
6905,392,618,1571
6906,107,174,412
6908,49,101,258
6909,243,335,733
6910,150,232,508
6911,24,50,95
6912,17,29,85
6914,215,372,774
6915,99,162,327
6916,7,32,81
6917,47,92,203
6918,194,271,648
6919,41,50,175
6921,332,451,1158
6922,42,98,170
6923,223,362,793
6928,263,463,904
6929,87,98,323
6931,114,158,427
6933,130,192,462
6934,217,313,814
6935,17,23,75
6936,340,513,1577
6937,172,274,561
6938,123,186,412
6939,12,15,60
6940,209,361,852
6941,279,415,961
6942,308,429,1285
6943,405,668,1441
6944,15,34,96
6945,108,156,397
6946,333,516,1201
6947,366,481,1229
6948,87,147,375
6949,122,236,562
6950,168,254,617
6951,371,642,1436
6953,308,500,1386
6954,158,212,592
6955,59,88,243
6956,37,33,129
6958,30,72,166
6959,15,32,56
6961,25,46,84
6962,424,665,1847
6964,171,228,711
6965,15,20,87
6966,70,91,259
6967,64,93,231
6968,116,172,379
6969,108,141,372
6970,424,676,1551
6971,102,178,538
6972,448,700,1488
6973,172,325,680
6975,35,48,129
6977,368,582,1253
6979,82,141,311
6980,66,122,210
6981,91,121,350
6983,45,76,189
6984,324,497,1201
6985,230,278,662
6990,89,101,304
6991,35,66,143
6992,86,111,338
6993,153,199,485
6994,71,99,192
6996,64,165,327
6997,222,310,807
6998,50,131,246
7000,69,69,189
7003,174,261,703
7004,44,39,132
7005,93,198,498
7006,52,65,190
7007,273,403,920
7010,65,93,271
7011,566,578,1629
7012,85,137,322
7013,204,335,768
7014,110,240,591
7015,59,76,199
7016,97,115,461
7017,114,165,368
7020,77,120,292
7021,25,34,85
7022,74,136,287
7023,82,120,297
7024,245,389,1066
7025,133,179,424
7026,367,507,1161
7029,342,585,1307
7030,242,422,977
7031,123,198,571
7032,95,145,403
7033,117,211,532
7036,192,352,821
7037,201,298,800
7038,203,306,689
7039,321,581,1514
7043,369,590,1404
7045,131,146,454
7046,58,96,227
7047,166,290,805
7048,92,155,331
7049,305,443,1077
7051,221,384,784
7052,9,27,73
7053,451,602,1486
7054,19,37,106
7055,53,108,254
7058,234,363,1013
7059,217,340,919
7061,33,54,113
7062,150,236,600
7064,138,245,410
7068,234,391,1053
7069,90,156,392
7071,262,415,930
7073,21,35,83
7076,387,612,1533
7077,278,438,1007
7078,310,419,1275
7079,43,49,160
7081,147,231,535
7082,420,584,1506
7083,352,504,1355
7085,223,357,651
7086,25,64,134
7087,172,222,455
7088,132,211,444
7089,352,521,1224
7091,262,445,1098
7092,44,50,158
7094,196,322,713
7096,149,206,437
7097,59,104,229
7098,230,393,859
7099,338,549,1356
7104,45,72,164
7105,45,123,218
7106,51,68,153
7107,89,127,282
7108,74,152,270
7109,217,339,941
7112,120,153,393
7113,119,177,542
7114,94,176,314
7115,21,34,83
7116,12,20,65
7118,165,213,546
7119,20,34,117
7121,58,89,245
7125,276,489,1288
7126,178,273,561
7127,76,141,286
7128,60,97,210
7129,147,330,616
7132,245,433,1028
7133,297,446,981
7134,43,64,142
7135,73,134,244
7136,267,409,1046
7137,310,441,1366
7138,254,355,942
7139,24,43,101
7141,461,593,1781
7143,82,130,254
7145,163,273,688
7147,396,276,893
7148,31,47,144
7151,47,82,237
7152,20,52,78
7153,284,353,962
7155,468,642,1368
7156,36,57,144
7160,178,223,645
7161,46,70,187
7164,173,267,623
7167,46,79,162
7173,174,357,721
7176,100,152,339
7179,29,74,156
7180,163,260,831
7182,193,294,623
7183,293,533,1287
7184,166,299,733
7186,285,406,1108
7187,240,427,952
7189,219,311,917
7191,285,401,979
7192,170,225,771
7193,177,232,434
7194,33,39,80
7195,126,154,413
7196,336,421,1012
7198,135,219,577
7199,153,200,733
7200,242,409,879
7203,17,28,67
7206,31,57,120
7207,415,588,1633
7208,28,13,58
7211,191,306,693
7212,138,241,581
7213,16,38,116
7216,382,670,1325
7217,59,97,213
7218,197,284,653
7221,259,384,877
7223,377,586,1530
7224,295,449,1256
7225,194,375,951
7226,77,103,249
7230,13,26,64
7231,37,46,90
7232,16,38,97
7233,404,582,1560
7234,247,424,1282
7238,39,42,152
7239,51,74,262
7240,156,226,559
7244,19,34,74
7245,100,113,270
7246,171,255,613
7247,137,272,550
7249,39,97,204
7251,261,421,917
7252,54,116,234
7254,415,574,1351
7255,27,30,94
7256,19,50,138
7259,10,23,45
7260,12,22,44
7261,59,106,357
7262,11,31,78
7263,265,392,874
7265,237,354,803
7267,79,87,222
7268,133,250,588
7270,319,430,1050
7271,124,154,401
7273,346,484,1495
7274,247,416,1053
7276,462,771,1661
7277,7,8,37
7278,99,132,378
7279,17,25,64
7280,1,5,16
7282,75,110,293
7284,22,19,84
7286,28,27,112
7287,24,44,109
7288,40,82,144
7290,431,569,1508
7292,514,733,1641
7293,352,459,1362
7294,435,571,1316
7295,78,108,261
7296,147,233,544
7297,82,103,359
7299,135,234,531
7300,10,21,69
7301,462,600,1667
7303,15,31,72
7304,530,636,1783
7305,306,494,1211
7306,289,513,1193
7308,318,511,1154
7310,7,28,51
7311,58,106,276
7312,41,60,193
7314,272,452,1096
7315,28,32,104
7316,64,74,214
7317,5,9,21
7318,77,86,235
7321,89,146,376
7322,37,47,171
7323,26,65,127
7325,94,108,351
7327,12,19,44
7328,21,29,83
7329,151,233,492
7330,242,338,895
7331,196,275,741
7332,40,54,142
7335,137,201,491
7336,27,53,152
7337,207,337,912
7340,304,444,1152
7343,276,432,1171
7344,213,322,676
7346,76,145,326
7350,209,318,883
7351,489,616,1674
7352,428,660,1787
7353,30,53,145
7354,74,133,305
7356,94,165,333
7357,401,480,1445
7358,260,355,1025
7360,80,158,362
7362,276,416,980
7364,200,325,763
7365,39,61,134
7367,133,212,598
7368,144,261,651
7369,306,468,1107
7371,353,528,1328
7372,195,250,753
7373,324,495,1171
7374,34,93,188
7375,54,97,235
7376,38,55,142
7377,32,46,137
7378,72,95,266
7379,287,545,1213
7381,37,81,234
7382,32,50,134
7383,30,51,163
7384,26,24,84
7385,11,34,55
7386,15,27,70
7387,427,625,1596
7389,20,38,109
7391,14,19,62
7392,99,148,332
7393,6,11,41
7394,61,114,276
7395,149,204,562
7396,446,641,1647
7397,57,75,196
7398,11,28,57
7399,5,10,38
7400,68,116,284
7401,30,26,106
7403,218,356,956
7404,33,53,166
7405,19,17,86
7407,59,114,262
7408,116,158,441
7409,45,35,129
7410,70,102,289
7411,62,85,228
7413,9,10,64
7414,29,54,120
7415,23,38,95
7416,296,412,1046
7417,63,122,269
7419,75,101,311
7420,14,35,90
7421,81,134,344
7422,35,75,200
7423,180,237,637
7424,36,70,135
7425,47,112,180
7426,218,306,680
7427,82,112,323
7428,31,68,132
7429,16,26,52
7431,48,57,170
7432,197,308,696
7433,43,71,164
7434,297,489,1114
7435,236,402,901
7436,107,162,400
7437,19,31,92
7438,78,114,273
7439,7,14,44
7440,148,242,582
7441,96,161,397
7442,117,191,522
7443,26,35,107
7444,18,38,96
7445,19,43,94
7447,38,76,227
7448,6,20,75
7449,160,266,672
7450,22,34,83
7451,51,65,196
7452,8,19,41
7453,238,385,956
7454,17,52,105
7455,353,603,1567
7456,15,24,68
7459,236,405,1024
7460,356,523,1456
7461,55,73,219
7462,215,292,802
7463,259,404,1035
7464,364,549,1437
7465,147,226,606
7466,15,29,76
7467,360,613,1594
7468,305,433,1307
7470,28,34,123
7472,404,574,1546
7473,196,294,712
7474,30,58,172
7475,35,55,198
7476,77,188,417
7477,117,165,474
7478,285,389,1194
7480,53,76,243
7481,209,312,761
7482,11,15,58
7483,28,45,157
7484,113,159,464
7486,112,174,517
7487,13,21,47
7488,45,86,205
7490,67,110,323
7492,46,66,194
7493,70,100,323
7494,112,134,388
7496,33,36,95
7497,20,42,88
7498,175,352,842
7499,90,165,413
7500,223,362,829
7502,27,46,145
7503,20,94,205
7504,310,481,1256
7506,319,502,1210
7507,96,112,320
7508,94,111,363
7510,56,98,287
7511,18,46,126
7512,154,198,547
7513,55,119,298
7514,331,425,1269
7515,97,154,368
7516,58,129,303
7517,138,245,527
7518,36,58,113
7519,215,286,998
7521,216,319,978
7522,100,185,447
7523,420,634,1747
7524,24,71,146
7525,194,358,752
7526,183,318,789
7529,64,101,279
7532,96,166,385
7534,55,78,246
7536,37,66,147
7538,137,209,601
7539,168,255,694
7546,364,738,1662
7550,63,89,233
7551,230,332,723
7552,159,227,578
7554,93,156,413
7557,47,88,241
7558,31,55,127
7559,152,248,672
7564,177,270,775
7565,12,23,90
7566,104,148,426
7567,17,31,99
7568,19,26,58
7570,11,22,58
7571,11,22,72
7572,55,71,216
7573,254,377,895
7574,17,27,67
7577,233,317,811
7578,21,23,68
7579,13,18,85
7580,19,24,45
7581,332,521,1351
7585,32,44,161
7586,114,169,541
7587,51,82,257
7588,36,62,173
7589,309,548,1662
7590,23,52,127
7591,16,32,106
7596,460,630,1791
7597,101,139,450
7600,445,670,1564
7607,225,366,887
