﻿web-scraper-order,web-scraper-start-url,airport,runways,y_passengers
"1740688027-1","https://es.wikipedia.org/wiki/Anexo:Aeropuertos_de_Espa%C3%B1a","Adolfo Suárez Madrid-Barajas","4","60 220 984"
"1740688027-2","https://es.wikipedia.org/wiki/Anexo:Aeropuertos_de_Espa%C3%B1a","Albacete[3]​","1","2 644"
"1740688027-3","https://es.wikipedia.org/wiki/Anexo:Aeropuertos_de_Espa%C3%B1a","Alicante-Elche Miguel Hernández","1","15 747 678"
"1740688027-4","https://es.wikipedia.org/wiki/Anexo:Aeropuertos_de_Espa%C3%B1a","Almería","1","775 393"
"1740688027-5","https://es.wikipedia.org/wiki/Anexo:Aeropuertos_de_Espa%C3%B1a","Asturias","1","1 974 850"
"1740688027-6","https://es.wikipedia.org/wiki/Anexo:Aeropuertos_de_Espa%C3%B1a","Badajoz[4]​","1","80 181"
"1740688027-7","https://es.wikipedia.org/wiki/Anexo:Aeropuertos_de_Espa%C3%B1a","Josep Tarradellas Barcelona-El Prat","3","49 220 984"
"1740688027-8","https://es.wikipedia.org/wiki/Anexo:Aeropuertos_de_Espa%C3%B1a","Bilbao","2","6 336 441"
"1740688027-9","https://es.wikipedia.org/wiki/Anexo:Aeropuertos_de_Espa%C3%B1a","Burgos","1","4 053"
"1740688027-10","https://es.wikipedia.org/wiki/Anexo:Aeropuertos_de_Espa%C3%B1a","Córdoba","1","5 938"
"1740688027-11","https://es.wikipedia.org/wiki/Anexo:Aeropuertos_de_Espa%C3%B1a","Federico García Lorca Granada-Jaén","1","1 039 429"
"1740688027-12","https://es.wikipedia.org/wiki/Anexo:Aeropuertos_de_Espa%C3%B1a","Gerona-Costa Brava","1","1 586 463"
"1740688027-13","https://es.wikipedia.org/wiki/Anexo:Aeropuertos_de_Espa%C3%B1a","Gran Canaria","2","13 961 638"
"1740688027-14","https://es.wikipedia.org/wiki/Anexo:Aeropuertos_de_Espa%C3%B1a","Fuerteventura","1","6 020 413"
"1740688027-15","https://es.wikipedia.org/wiki/Anexo:Aeropuertos_de_Espa%C3%B1a","La Coruña","1","1 252 022"
"1740688027-16","https://es.wikipedia.org/wiki/Anexo:Aeropuertos_de_Espa%C3%B1a","César Manrique-Lanzarote","1","8 212 943"
"1740688027-17","https://es.wikipedia.org/wiki/Anexo:Aeropuertos_de_Espa%C3%B1a","Huesca-Pirineos","2[5]​","276"
"1740688027-18","https://es.wikipedia.org/wiki/Anexo:Aeropuertos_de_Espa%C3%B1a","Ibiza","1","8 931 598"
"1740688027-19","https://es.wikipedia.org/wiki/Anexo:Aeropuertos_de_Espa%C3%B1a","Jerez","1","904 000"
"1740688027-20","https://es.wikipedia.org/wiki/Anexo:Aeropuertos_de_Espa%C3%B1a","León[6]​","1","63 442"
"1740688027-21","https://es.wikipedia.org/wiki/Anexo:Aeropuertos_de_Espa%C3%B1a","Logroño-Agoncillo","1","16 728"
"1740688027-22","https://es.wikipedia.org/wiki/Anexo:Aeropuertos_de_Espa%C3%B1a","Madrid-Cuatro Vientos[7]​","1","1 956"
"1740688027-23","https://es.wikipedia.org/wiki/Anexo:Aeropuertos_de_Espa%C3%B1a","Málaga-Costa del Sol","2","22 344 373"
"1740688027-24","https://es.wikipedia.org/wiki/Anexo:Aeropuertos_de_Espa%C3%B1a","Melilla","1","501 069"
"1740688027-25","https://es.wikipedia.org/wiki/Anexo:Aeropuertos_de_Espa%C3%B1a","Menorca","1","4 045 215"
"1740688027-26","https://es.wikipedia.org/wiki/Anexo:Aeropuertos_de_Espa%C3%B1a","Internacional Región de Murcia[8]​","1","877 796"
"1740688027-27","https://es.wikipedia.org/wiki/Anexo:Aeropuertos_de_Espa%C3%B1a","Palma de Mallorca[9]​","2","31 105 987"
"1740688027-28","https://es.wikipedia.org/wiki/Anexo:Aeropuertos_de_Espa%C3%B1a","Pamplona","1","197 509"
"1740688027-29","https://es.wikipedia.org/wiki/Anexo:Aeropuertos_de_Espa%C3%B1a","Reus","1","1 045 419"
"1740688027-30","https://es.wikipedia.org/wiki/Anexo:Aeropuertos_de_Espa%C3%B1a","Sabadell","1","6 207"
"1740688027-31","https://es.wikipedia.org/wiki/Anexo:Aeropuertos_de_Espa%C3%B1a","Salamanca[10]​","1","21 083"
"1740688027-32","https://es.wikipedia.org/wiki/Anexo:Aeropuertos_de_Espa%C3%B1a","San Sebastián","1","482 662"
"1740688027-33","https://es.wikipedia.org/wiki/Anexo:Aeropuertos_de_Espa%C3%B1a","Santiago-Rosalía de Castro[11]​","1","3 537 445"
"1740688027-34","https://es.wikipedia.org/wiki/Anexo:Aeropuertos_de_Espa%C3%B1a","Sevilla[12]​","1","8 071 524"
"1740688027-35","https://es.wikipedia.org/wiki/Anexo:Aeropuertos_de_Espa%C3%B1a","Severiano Ballesteros-Santander","1","1 242 089"
"1740688027-36","https://es.wikipedia.org/wiki/Anexo:Aeropuertos_de_Espa%C3%B1a","Son Bonet","1","10 061"
"1740688027-37","https://es.wikipedia.org/wiki/Anexo:Aeropuertos_de_Espa%C3%B1a","Tenerife Norte-Ciudad de La Laguna[13]​","1","6 120 550"
"1740688027-38","https://es.wikipedia.org/wiki/Anexo:Aeropuertos_de_Espa%C3%B1a","Tenerife Sur","1","12 337 244"
"1740688027-39","https://es.wikipedia.org/wiki/Anexo:Aeropuertos_de_Espa%C3%B1a","La Palma","1","1 368 821"
"1740688027-40","https://es.wikipedia.org/wiki/Anexo:Aeropuertos_de_Espa%C3%B1a","La Gomera","1","113 318"
"1740688027-41","https://es.wikipedia.org/wiki/Anexo:Aeropuertos_de_Espa%C3%B1a","El Hierro","1","301 241"
"1740688027-42","https://es.wikipedia.org/wiki/Anexo:Aeropuertos_de_Espa%C3%B1a","Valencia","1","9 948 141"
"1740688027-43","https://es.wikipedia.org/wiki/Anexo:Aeropuertos_de_Espa%C3%B1a","Valladolid[14]​","1","208 923"
"1740688027-44","https://es.wikipedia.org/wiki/Anexo:Aeropuertos_de_Espa%C3%B1a","Vigo","1","1 136 157"
"1740688027-45","https://es.wikipedia.org/wiki/Anexo:Aeropuertos_de_Espa%C3%B1a","Vitoria","1","309 929"
"1740688027-46","https://es.wikipedia.org/wiki/Anexo:Aeropuertos_de_Espa%C3%B1a","Zaragoza[15]​","2","685 690"
