﻿ CÓDIGO;DESCRIPCION;LATITUD;LONGITUD;DIRECCIÓN;C.P.;POBLACION;PROVINCIA;PAIS
11208;VITORIA/GASTEIZ;42,8415284;-2,6726651;PLAZUELA DE LA ESTACION, 1;1005;Vitoria-Gasteiz;Araba/Álava;España
11212;AGURAIN/SALVATIERRA DE ALAVA;42,8464369;-2,3892266;TREBIÑO KALEA, S/N;1200;Salvatierra/Agurain;Araba/Álava;España
11213;ARAIA;42,8694713;-2,3068018;CALLE ESTACION FERROCARRIL, S/N;1208;Arraia-Maeztu;Araba/Álava;España
11203;MANZANOS;42,7428754;-2,8675305;RIO ZADORRA KALEA, S/N;1220;Ribera Baja/Erribera Beitia;Araba/Álava;España
11205;NANCLARES-LANGRAIZ;42,8162344;-2,8049335;LA ESTACION KALEZ, S/N;1230;Iruña Oka/Iruña de Oca;Araba/Álava;España
11210;ALEGRIA-DULANTZI;42,8488289;-2,5145516;CALLE ESTACION FERROCARRIL, S/N;1240;Alegría-Dulantzi;Araba/Álava;España
60600;ALBACETE LOS LLANOS;39,0002979;-1,8487356;CALLE FEDERICO GARCIA LORCA, 1;2001;Albacete;Albacete;España
60507;LA GINETA;39,1117194;-2,000316;CALLE SANTA ANA, S/N;2110;Gineta, La;Albacete;España
61005;HELLIN;38,5088565;-1,688572;PASEO YUTERA DEL CARMEN, S/N;2400;Hellín;Albacete;España
60500;VILLARROBLEDO;39,2608516;-2,5985537;CALLE JUAN FERREIRA, S/N;2600;Villarrobledo;Albacete;España
60503;MINAYA;39,240726;-2,3484434;CALLE ESTACION FERROCARRIL, S/N;2620;Minaya;Albacete;España
60505;LA RODA DE ALBACETE;39,199397;-2,1628953;PLAZA ESTACION FERRACARRIL, S/N;2630;Roda, La;Albacete;España
60800;ALMANSA;38,8677729;-1,1054355;PLAZA PRIMERO DE MAYO, 1;2640;Almansa;Albacete;España
60901;CAUDETE;38,7161493;-0,9597129;CARRETERA CV-656 - ESTACION FERROCARRIL, S/N;2660;Caudete;Albacete;España
03309;VILLENA ALTA VELOCIDAD;38,5846082;-0,8734737;PARTIDA DE SAN JUAN, 182;3400;Villena;Alicante/Alacant;España
60902;VILLENA;38,631817;-0,867668;RONDA DE LA ESTACION, S/N;3400;Villena;Alicante/Alacant;España
60900;LA ENCINA;38,7653779;-0,9542829;AVENIDA CONSTITUCION, 1;3408;Villena;Alicante/Alacant;España
60905;ELDA-PETRER;38,484919;-0,8010553;CALLE GALICIA, S/N;3600;Elda;Alicante/Alacant;España
60904;SAX;38,5447527;-0,8142178;LUIS BARCELO SANTOJA, 25;3630;Sax;Alicante/Alacant;España
60907;NOVELDA-ASPE;38,4071671;-0,7777287;CALLE RAFAEL ALTAMIRA, S/N;3660;Novelda;Alicante/Alacant;España
69011;ALCOI;38,7094901;-0,4702863;AVENIDA TIRANT LO BLANC, 8;3804;Alcoy/Alcoi;Alicante/Alacant;España
69010;COCENTAINA;38,7407086;-0,4470622;CARRER PUJADA A SANTA BARBARA, 29;3820;Cocentaina;Alicante/Alacant;España
69009;AGRES;38,7968366;-0,5217951;CALLE ESTACION FERROCARRIL, S/N;3837;Agres;Alicante/Alacant;España
56312;ALMERIA;36,8346609;-2,4561659;PLAZA ESTACION FERROCARRIL, S/N;4006;Almería;Almería;España
56305;GERGAL;37,1088805;-2,5915216;CARRETERA AL-3410 - ESTACION FERROCARRIL, S/N;4458;Gérgal;Almería;España
56301;FIÑANA;37,1847081;-2,839647;CARRETERA AL-6401 - DISEMINADO CORTIJO FAZ,S/N;4500;Fiñana;Almería;España
56308;GADOR;36,9515917;-2,4874696;CARRETERA AL-3411 - CALLE RETIRO, S/N;4560;Gádor;Almería;España
10400;AVILA;40,657203;-4,683319;PASEO ESTACION FERROCARRIL, S/N;5001;Ávila;Ávila;España
10302;GUIMORCONDO;40,6490138;-4,6150234;AVENIDA ESTACION FERROCARRIL, S/N;5004;Tornadizos de Ávila;Ávila;España
10409;AREVALO;41,0471235;-4,7019727;CALLE DEPOSITO, S/N;5200;Arévalo;Ávila;España
10207;LAS NAVAS DEL MARQUES;40,5892572;-4,3614434;AVENIDA ESTACION FERROCARRIL, S/N;5230;Navas del Marqués, Las;Ávila;España
10208;NAVALPERAL;40,5909526;-4,4086162;AVENIDA ESTACION FERROCARRIL, S/N;5240;Navalperal de Pinares;Ávila;España
10300;HERRADON-LA CAÑADA;40,599334;-4,4950318;AVENIDA ESTACION FERROCARRIL, S/N;5294;Herradón de Pinares;Ávila;España
34007;CRESPOS;40,8700754;-4,9679924;CARRETERA AVP-115 - ESTACION FERROCARRIL, S/N;5300;Crespos;Ávila;España
34002;CARDEÑOSA DE AVILA;40,7391956;-4,7507526;CARRETERA ESTACION FERROCARRIL, S/N;5320;Cardeñosa;Ávila;España
34005;SAN PEDRO DEL ARROYO;40,8038378;-4,871408;CALLE ESTACION FERROCARRIL, S/N;5350;San Pedro del Arroyo;Ávila;España
34008;NARROS DEL CASTILLO;40,8665849;-5,0527564;CARRETERA AVP-627 - ESTACION FERROCARRIL, S/N;5369;Narros del Castillo;Ávila;España
37606;BADAJOZ;38,89061;-6,9817556;AVENIDA CAROLINA CORONADO, S/N;6006;Badajoz;Badajoz;España
37604;GUADIANA;38,9220809;-6,6899875;CARRETERA BA-034 - ESTACION DE FERROCARRIL, S/N;6186;Guadiana del Caudillo;Badajoz;España
40004;ALMENDRALEJO;38,6846701;-6,3997768;CALLE LAGO DE ALANGE, 1A;6200;Almendralejo;Badajoz;España
40005;VILLAFRANCA DE LOS BARROS;38,5644983;-6,3520619;AVENIDA ESTACION FERROCARRIL, S/N;6220;Villafranca de los Barros;Badajoz;España
40006;LOS SANTOS DE MAIMONA;38,4496301;-6,3616186;CALLE DISEMINADO LA CARRASCA, 5;6230;Santos de Maimona, Los;Badajoz;España
40008;ZAFRA FERIA;38,4243825;-6,4099897;BARRIADA ANTONO ZODO, S/N;6300;Zafra;Badajoz;España
40100;ZAFRA;38,4138471;-6,405396;AVENIDA ESTACION FERROCARRIL, S/N;6300;Zafra;Badajoz;España
42005;FREGENAL DE LA SIERRA;38,1677017;-6,6378417;CARRETERA EX-201 - ESTACION FERROCARRIL, S/N;6340;Fregenal de la Sierra;Badajoz;España
37407;DON BENITO;38,9669797;-5,8628364;AVENIDA DE LA CONSTITUCION, 29;6400;Don Benito;Badajoz;España
37402;CASTUERA;38,7349783;-5,5417826;CALLE ALEMANIA, 10;6420;Castuera;Badajoz;España
37404;CAMPANARIO;38,8534031;-5,6414458;CARRETERA EX-115 - ESTACION FERROCARRIL, S/N;6460;Campanario;Badajoz;España
37410;GUAREÑA;38,8968311;-6,1289519;CARRETERA BA-043 - ESTACION DE FERROCARRIL, S/N;6470;Guareña;Badajoz;España
37409;VALDETORRES;38,9133481;-6,0694247;CALLE LUIS CHAMIZO, 6;6474;Valdetorres;Badajoz;España
37603;MONTIJO;38,9135544;-6,5985619;AVENIDA ESTACION FERROCARRIL, S/N;6480;Montijo;Badajoz;España
37608;MONTIJO-EL MOLINO;38,9139742;-6,6182455;CALLE ESTACION FERROCARRIL, S/N;6480;Montijo;Badajoz;España
35405;SAN VICENTE DE ALCANTARA;39,3815403;-7,1170664;CARRETERA CC-91 - ESTACION FERROCARRIL, S/N;6500;San Vicente de Alcántara;Badajoz;España
37311;CABEZA DEL BUEY;38,723812;-5,2270033;BARRIADA ESTACION, S/N;6600;Cabeza del Buey;Badajoz;España
37400;ALMORCHON;38,6966056;-5,2904115;CARRETERA EX-104 - ESTACION FERROCARRIL, S/N;6614;Cabeza del Buey;Badajoz;España
37406;VILLANUEVA DE LA SERENA;38,9687822;-5,7963912;CALLE JOSE GALLARDO, 10;6700;Villanueva de la Serena;Badajoz;España
37500;MERIDA;38,9213839;-6,343062;CALLE CARDERO, S/N;6800;Mérida;Badajoz;España
37600;ALJUCEN;38,9364087;-6,407883;CALLE ESTACION FERROCARRIL, S/N;6800;Aljucén;Badajoz;España
40002;CALAMONTE;38,8874922;-6,3826881;AVENIDA DE ESPRONCEDA, S/N;6810;Calamonte;Badajoz;España
37611;GARROVILLA-LAS VEGAS;38,9153576;-6,4770663;BARRIADA ESTACION, 2;6870;Garrovilla, La;Badajoz;España
40105;LLERENA;38,2376771;-6,0098805;AVENIDA ESTACION FERROCARRIL, 6;6900;Llerena;Badajoz;España
40107;FUENTE DEL ARCO;38,1635601;-5,9005181;CARRETERA BAV-1618 - ESTACION FERROCARRIL, S/N;6980;Fuente del Arco;Badajoz;España
78505;AGUILAR DE SEGARRA;41,738797;1,6237134;CARRETERA BV-3009 - ESTACION FERROCARRIL, 18;8256;Aguilar de Segarra;Barcelona;España
78506;RAJADELL;41,732411;1,6986637;CARRETERA BV-3012 - ESTACION FERROCARRIL, S/N;8256;Rajadell;Barcelona;España
78503;CALAF;41,7302307;1,5151424;AVENIDA JOSEP MIRO, 1;8280;Calaf;Barcelona;España
78504;SEGUERS-SANT PERE SALLAVINERA;41,747882;1,5740043;CARRETERA BV-3051 - ESTACION DE FERROCARRIL, S/N;8281;Calaf;Barcelona;España
78502;SANT MARTI SESGUEIOLES;41,7012114;1,4861976;PASSEIG DELS GERMANS FOM, S/N;8282;Sant Martí Sesgueioles;Barcelona;España
11014;BURGOS ROSA DE LIMA;42,3706346;-3,6661075;AVENIDA PRINCIPE DE ASTURIAS, S/N;9006;Burgos;Burgos;España
11009;VILLAQUIRAN;42,2156539;-3,9995055;CARRETERA ESTACION FERROCARRIL, S/N;9118;Villaquirán de los Infantes;Burgos;España
11200;MIRANDA DE EBRO;42,6907532;-2,9411199;PLAZA ESTACION FERROCARRIL, S/N;9200;Miranda de Ebro;Burgos;España
11109;BRIVIESCA;42,5427537;-3,3192126;CALLE VIA FERREA, S/N;9240;Briviesca;Burgos;España
11111;PANCORBO;42,6302302;-3,1129697;CALLE ESTACION FERROCARRIL, 2;9280;Pancorbo;Burgos;España
11204;LA PUEBLA DE ARGANZON;42,7652437;-2,8303429;CALLE ESTACION FERROCARRIL, S/N;9294;Condado de Treviño;Burgos;España
35400;CACERES;39,461161;-6,385651;AVENIDA JUAN PABLO II, 6;10005;Cáceres;Cáceres;España
35206;NAVALMORAL DE LA MATA;39,8948539;-5,545566;PLAZA ESTACION FERROCARRIL, 1;10300;Navalmoral de la Mata;Cáceres;España
35406;VALENCIA DE ALCANTARA;39,4269147;-7,2307418;CALLE MANUEL PUEBLA ESTACION, S/N;10500;Valencia de Alcántara;Cáceres;España
35207;CASATEJADA;39,8919228;-5,6776116;PASEO JOSE ANTONIO PAVON, 29;10520;Casatejada;Cáceres;España
35301;MIRABEL;39,8661782;-6,228912;CALLE ADOLFO DE MIGUEL, 13;10540;Mirabel;Cáceres;España
35302;CASAS DE MILLAN;39,8121045;-6,3256771;CALLE ESTACION FERROCARRIL, S/N;10592;Casas de Millán;Cáceres;España
30002;PLASENCIA;40,0221943;-6,0994465;CALLE ALFONSO CAMARGO, S/N;10600;Plasencia;Cáceres;España
30000;MONFRAGÜE;39,9374645;-6,1010368;CARRETERA ESTACION FERROCARRIL MALPARTIDA, S/N;10680;Malpartida de Plasencia;Cáceres;España
35303;CAÑAVERAL;39,7889614;-6,3745314;CALLE ESTACION FERROCARRIL, S/N;10820;Cañaveral;Cáceres;España
35402;ARROYO DE MALPARTIDA;39,4680733;-6,5344525;AVENIDA DE LA ESTACION, 79;10910;Cáceres;Cáceres;España
55020;ALGECIRAS;36,126469;-5,448923;AVENIDA GESTO POR LA PAZ, S/N;11207;Algeciras;Cádiz;España
55014;SAN PABLO;36,4679463;-5,4190055;CARRETERA A-405 - ESTACION FERRACARRIL, S/N;11320;Jimena de la Frontera;Cádiz;España
55015;JIMENA DE LA FRONTERA;36,4242754;-5,4342443;CALLE JUAN DE DIOS, 15;11339;Jimena de la Frontera;Cádiz;España
55017;ALMORAIMA;36,2770173;-5,4300178;CARRETERA A-405 - ESTACION FERROCARRIL, S/N;11350;Castellar de la Frontera;Cádiz;España
55018;SAN ROQUE-LA LINEA;36,2140158;-5,4322269;AVENIDA GUADARRANQUE, 34;11368;San Roque;Cádiz;España
55019;LOS BARRIOS;36,1738822;-5,4607781;CARRETERA JEREZ - ALGECIRAS - ESTACION FERROCARRIL, 1;11370;Barrios, Los;Cádiz;España
55005;SETENIL;36,8624427;-5,1211137;CARRETERA CA-414 - ESTACION DE FERROCARRIL, S/N;11692;Setenil de las Bodegas;Cádiz;España
67208;BARRACAS;40,011745;-0,6962735;AVENIDA ESTACION FERROCARRIL, 9;12420;Barracas;Castellón/Castelló;España
65312;VINAROS;40,4716548;0,4556807;PLAZA ESTACION FERROCARRIL, S/N;12500;Vinaròs;Castellón/Castelló;España
65318;BENICASSIM;40,0580783;0,0578182;PLAZA ESTACION FERROCARRIL, S/N;12560;Benicasim/Benicàssim;Castellón/Castelló;España
65308;ALCALA DE CHIVERT;40,304675;0,2286858;PASSEIG HEROIS DEL MARROC, S/N;12570;Alcalà de Xivert;Castellón/Castelló;España
65311;BENICARLO-PEÑISCOLA;40,4276628;0,415166;PLAZA ESTACION FERROCARRIL, S/N;12580;Benicarló;Castellón/Castelló;España
65304;ORPESA;40,0922718;0,1397688;PLAÇA L'ESTACIO FERROCARRIL, S/N;12594;Oropesa del Mar/Orpesa;Castellón/Castelló;España
65306;TORREBLANCA;40,2122167;0,1989847;CARRER DE L'ESTACIO, 47;12596;Torreblanca;Castellón/Castelló;España
37200;CIUDAD REAL;38,9852579;-3,9134245;AVENIDA DE EUROPA, 1;13005;Ciudad Real;Ciudad Real;España
50100;MANZANARES;39,0058224;-3,3705386;PASEO ESTACION FERROCARRIL, S/N;13200;Manzanares;Ciudad Real;España
94002;DAIMIEL;39,0615172;-3,6040492;CALLE ESTACION FERROCARRIL, S/N;13250;Daimiel;Ciudad Real;España
94004;ALMAGRO;38,895438;-3,709777;PASEO ESTACION FERROCARRIL, S/N;13270;Almagro;Ciudad Real;España
50102;VALDEPEÑAS;38,763297;-3,395942;PASEO ESTACION FERROCARRIL, S/N;13300;Valdepeñas;Ciudad Real;España
37302;BRAZATORTAS-VEREDAS;38,6688198;-4,3166882;CALLE JOSE POVEDA, S/N;13450;Brazatortas;Ciudad Real;España
37305;ALMADENEJOS-ALMADEN;38,7405765;-4,730331;CARRETERA C-424 - ESTACION FERROCARRIL, S/N;13480;Almadén;Ciudad Real;España
37308;GUADALMEZ-LOS PEDROCHES;38,6992339;-4,9295366;CARRETERA LOS PEDROCHES, KM 4;13490;Guadalmez;Ciudad Real;España
37300;PUERTOLLANO;38,6914111;-4,1116111;CALLE MUELLE, S/N;13500;Puertollano;Ciudad Real;España
37700;PUERTOLLANO (AV);38,6914111;-4,1116111;CALLE MUELLE, S/N;13500;Puertollano;Ciudad Real;España
60400;ALCAZAR DE SAN JUAN;39,3961548;-3,2058024;CALLE ALVAREZ GUERRA, S/N;13600;Alcázar de San Juan;Ciudad Real;España
60402;CAMPO DE CRIPTANA;39,394412;-3,1176765;AVENIDA AGUSTIN DE LA FUENTE, 49;13610;Campo de Criptana;Ciudad Real;España
60406;SOCUELLAMOS;39,2787994;-2,7755387;CALLE ESTACION FERROCARRIL, S/N;13630;Socuéllamos;Ciudad Real;España
50002;CINCO CASAS;39,1693086;-3,2373701;PLAZA ESTACION FERROCARRIL, S/N;13720;Alcázar de San Juan;Ciudad Real;España
50200;SANTA CRUZ DE MUDELA;38,644651;-3,4514992;PASEO CASTELAR, 161;13730;Santa Cruz de Mudela;Ciudad Real;España
50202;ALMURADIEL-VISO DEL MARQUES;38,5143048;-3,5017844;CALLE SAN ANTONIO, S/N;13760;Almuradiel;Ciudad Real;España
50500;CORDOBA;37,8884864;-4,7895764;GLORIETA DE LAS TRES CULTURAS, S/N;14011;Córdoba;Córdoba;España
50417;CAMPUS UNIVERSITARIO DE RABANALES;37,9128153;-4,720937;CALLE ESTACION FERROCARRIL, S/N;14014;Córdoba;Córdoba;España
37704;VILLANUEVA DE CORDOBA;38,2551693;-4,5709044;CARRETERA CO-5100 - VILLANUEVA ADAMUZ KM 9,8 - ESTACION FERROCARRIL, S/N;14440;Villanueva de Córdoba;Córdoba;España
02002;PUENTE GENIL-HERRERA;37,3597116;-4,8221946;CARRETERA A-318 - KM. 9 - ENTRE LOS PUEBLOS DE PUENTE GENIL (CÓRDOBA) Y HERRERA (SEVILLA);14500;Puente Genil;Córdoba;España
50407;VILLA DEL RIO;37,9814294;-4,2838235;CALLE PROLONGACION ESTACION FERROCARRIL, S/N;14640;Villa del Río;Córdoba;España
50506;PALMA DEL RIO;37,7181028;-5,29276;CALLE ESTACION FERROCARRIL, S/N;14700;Palma del Río;Córdoba;España
50504;POSADAS;37,803977;-5,106321;PLAZA ESTACION FERROCARRIL, S/N;14730;Posadas;Córdoba;España
31412;A CORUÑA;43,352486;-8,4099651;AVENIDA DEL FERROCARRIL, 2;15008;Coruña, A;Coruña, A;España
31416;CERCEDA-MEIRAMA;43,2076859;-8,4466314;CARRETERA C-2104A - ESTACION FERROCARRIL, S/N;15188;Cerceda;Coruña, A;España
20410;ELVIÑA-UNIVERSIDADE;43,3352145;-8,4130116;CALLE ESTACION FERROCARRIL, S/N;15190;Coruña, A;Coruña, A;España
20316;TEIXEIRO;43,1413822;-8,0376492;CALLE CAMINO ESTACION FERROCARRIL, S/N;15310;Curtis;Coruña, A;España
20317;CURTIS;43,1272132;-8,1432035;PRAZA DE COMPOSTELA, 9;15310;Curtis;Coruña, A;España
20400;BETANZOS-INFESTA;43,2707409;-8,2258495;CAMINO REAL DA INFESTA, S/N;15319;Betanzos;Coruña, A;España
21001;BETANZOS-CIDADE;43,2841768;-8,2158576;RUA ARXENTINA, 10;15319;Betanzos;Coruña, A;España
20320;OZA DOS RIOS;43,218716;-8,187044;CALLE LOIS, 48;15380;Oza-Cesuras;Coruña, A;España
20318;PIÑOI;43,1452995;-8,1911976;CALLE ESTACION FERROCARRIL, S/N;15390;Oza-Cesuras;Coruña, A;España
20319;CESURAS;43,1730347;-8,2005033;RUA ESTACION FERROCARRIL, S/N;15391;Oza-Cesuras;Coruña, A;España
21008;PERLIO;43,4730193;-8,17485;RUA ANTONIA MONTERO, 4;15500;Fene;Coruña, A;España
21009;NEDA;43,4953536;-8,160979;AVENIDA CASTELAO, 47;15510;Neda;Coruña, A;España
21007;BARALLOBRE;43,4628928;-8,1885688;RUA PABLO ARES FEAL, 43;15528;Fene;Coruña, A;España
21003;PERBES;43,3781843;-8,20108;CALLE A CRUZ, 20;15608;Miño;Coruña, A;España
21004;PONTEDEUME;43,4117646;-8,1803661;AVENIDA FERROL, 77;15614;Pontedeume;Coruña, A;España
21005;CABANAS;43,4156164;-8,168832;AVENIDA HILARIO RUIZ, S/N;15621;Cabanas;Coruña, A;España
21002;MIÑO;43,3423304;-8,2053876;PLAZA ESTACION FERROCARRIL, S/N;15630;Miño;Coruña, A;España
20402;CECEBRE;43,2879239;-8,3077339;CALLE APEADEIRO, S/N;15650;Cambre;Coruña, A;España
20403;CAMBRE;43,2904881;-8,3520983;CARRETERA DA ESTACION FERROCARRIL, 47;15660;Cambre;Coruña, A;España
20404;O BURGO-SANTIAGO;43,3178485;-8,36868;CALLE RAMON CABANILLAS, 8;15670;Culleredo;Coruña, A;España
31415;ORDES;43,0380488;-8,4478022;CALLE FOSADO, 28;15689;Ordes;Coruña, A;España
31411;UXES;43,2974066;-8,444413;CARRETERA DP-0510 - TRAVESIA ESTACION, S/N;15690;Arteixo;Coruña, A;España
31400;SANTIAGO DE COMPOSTELA;42,8707816;-8,5447178;CALLE HORREO, 75 A;15702;Santiago de Compostela;Coruña, A;España
23013;OSEBE;42,825301;-8,615838;CARRETERA DP-0205 - ESTACION FERROCARRIL, S/N;15866;Teo;Coruña, A;España
23011;PADRON;42,739327;-8,6525701;CAMIÑO LUANS, 45;15917;Padrón;Coruña, A;España
23021;PADRON BARBANZA;42,7812443;-8,656552;CARRETERA DP-3302 - ESTACION FERROCARRIL, S/N;15980;Padrón;Coruña, A;España
03208;CUENCA FERNANDO ZOBEL;40,0352819;-2,1441378;AVENIDA CERRO DE LA ESTRELLA, S/N - N-320 - CIRCUNVALACION DE CUENCA;16004;Cuenca;Cuenca;España
66100;CUENCA;40,0673622;-2,1364895;CALLE MARIANO CATALINA, 10;16004;Cuenca;Cuenca;España
66016;CHILLARON;40,102932;-2,220969;CALLE ESTACION FERROCARRIL, S/N;16190;Chillarón de Cuenca;Cuenca;España
66103;CAÑADA DEL HOYO;39,9538744;-1,8896024;CALLE ESTACION FERROCARRIL, S/N;16340;Cañada del Hoyo;Cuenca;España
66104;CARBONERAS DE GUADAZAON;39,9005164;-1,8076325;CARRETERA CAMPORROBLES, S/N;16350;Carboneras de Guadazaón;Cuenca;España
66105;ARGUISUELAS;39,838605;-1,8123037;CALLE ESTACION FERROCARRIL, S/N;16360;Arguisuelas;Cuenca;España
66109;VILLORA;39,7468661;-1,6108998;CARRETERA CM-2109 - ESTACION FERROCARRIL, S/N;16371;Víllora;Cuenca;España
66108;YEMEDA-CARDENETE;39,7509195;-1,6818789;CARRETERA CUV - 5014 - ESTACION FERROCARRIL, S/N;16373;Yémeda;Cuenca;España
66006;TARANCON;40,0064667;-3,0097245;GLORIETA ESTACION FERROCARRIL, S/N;16400;Tarancón;Cuenca;España
66011;HUETE;40,147094;-2,6816134;PASEO ESTACION FERROCARRIL, S/N;16500;Huete;Cuenca;España
66013;CASTILLEJO DEL ROMERAL;40,1371299;-2,5068958;CALLE ESTACION FERROCARRIL, S/N;16541;Huete;Cuenca;España
66014;CUEVAS DE VELASCO;40,1554631;-2,408532;CALLE ESTACION FERROCARRIL, S/N;16542;Villar y Velasco;Cuenca;España
79300;GIRONA;41,9793402;2,8168293;PLAÇA DE ESPANYA, S/N;17002;Girona;Girona;España
79202;SILS;41,8076177;2,7450842;PLAÇA DE L'ESTACIO, S/N;17410;Sils;Girona;España
79203;CALDES DE MALAVELLA;41,8411429;2,8007209;AVENIDA DOCTOR FOREST, S/N;17455;Caldes de Malavella;Girona;España
79204;RIUDELLOTS;41,8962535;2,8116032;CARRER VEINAT DE L'ESTACIO, S/N;17457;Riudellots de la Selva;Girona;España
79205;FORNELLS DE LA SELVA;41,9350259;2,8097539;CARRER DE CATERINA ALBERT, S/N;17458;Fornells de la Selva;Girona;España
79301;CELRA;42,0271891;2,8749348;CARRETERA DE JUIA, 45;17460;Celrà;Girona;España
79302;BORDILS-JUIA;42,0370471;2,915295;CARRER DE PALAMOS - ESTACION FERROCARRIL, S/N;17462;Bordils;Girona;España
79303;FLAÇA;42,0474159;2,9574089;PLAÇA ESTACIO DEL CARRILET, S/N;17463;Flaçà;Girona;España
79304;SANT JORDI DESVALLS;42,0683167;2,9645106;CARRER DE L'ESTACIO, S/N;17464;Sant Jordi Desvalls;Girona;España
79305;CAMALLERA;42,1223201;2,9653807;CARRER ESTACIO FERROCARRIL, S/N;17465;Saus, Camallera i Llampaies;Girona;España
79308;VILAMALLA;42,2163229;2,9778522;CARRETERA GIV-6227 - CAMI DE L'ESTACIO, S/N;17469;Vilamalla;Girona;España
79306;SANT MIQUEL DE FLUVIA;42,172094;2,989598;CARRETERA GI-622 - ESTACION FERROCARRIL, S/N;17475;Sant Miquel de Fluvià;Girona;España
79312;LLANÇA;42,366688;3,149168;PLAÇA L'ESTACIO FERROCARRIL, S/N;17490;Llançà;Girona;España
79311;VILAJUIGA;42,3256095;3,0873849;PASSEIG DE L'ESTACIO, S/N;17493;Vilajuïga;Girona;España
79314;COLERA;42,4067916;3,154506;CARRER PUJADA ESTACIO, S/N;17496;Colera;Girona;España
79315;PORTBOU;42,4246822;3,1577348;CALLE CLAUDI PLANAS, S/N;17497;Portbou;Girona;España
79309;FIGUERES;42,2650808;2,968814;PLAÇA ESTACIO FERROCARRIL, S/N;17600;Figueres;Girona;España
04307;FIGUERES-VILAFANT;42,2575697;2,94513;AVINGUDA PUIG GRAU, S/N;17740;Figueres;Girona;España
05000;GRANADA;37,1840355;-3,6090357;AVENIDA DE LOS ANDALUCES, S/N;18014;Granada;Granada;España
05013;LOJA-SAN FRANCISCO;37,174921;-4,149528;PLAZA ESTACION FERROCARRIL, 56;18300;Loja;Granada;España
56200;GUADIX;37,3168311;-3,1271704;AVENIDA ESTACION FERROCARRIL, S/N;18500;Guadix;Granada;España
56103;BENALUA DE GUADIX;37,345298;-3,1631551;AVENIDA LLANO DE LA ESTACION, S/N;18510;Benalúa;Granada;España
56100;MOREDA;37,4311479;-3,3105075;CARRETERA GR-4101 - ESTACION DE FERROCARRIL, 26;18540;Morelábor;Granada;España
57003;IZNALLOZ;37,3958908;-3,5278435;CALLE EXPLANADA ESTACION FERROCARRIL, S/N;18550;Iznalloz;Granada;España
04007;GUADALAJARA-YEBES;40,5879523;-3,1249541;CARRETERA N-320 SACEDON-CUENCA, KM 268;19000;Guadalajara;Guadalajara;España
70202;YUNQUERA DE HENARES;40,747036;-3,163145;PASEO ESTACION FERROCARRIL, S/N;19210;Yunquera de Henares;Guadalajara;España
70204;HUMANES DE MOHERNANDO;40,8311845;-3,1389515;PASEO ESTACION FERROCARRIL, S/N;19229;Humanes;Guadalajara;España
70209;JADRAQUE;40,930006;-2,935785;CARRETERA ESTACION FERROCARRIL, S/N;19240;Jadraque;Guadalajara;España
70208;CARRASCOSA DE HENARES;40,905884;-3,013691;PASEO EL APEADERO, S/N;19247;Espinosa de Henares;Guadalajara;España
70302;SIGÜENZA;41,071329;-2,646456;CALLE ALFONSO VI, S/N;19250;Sigüenza;Guadalajara;España
70207;ESPINOSA DE HENARES;40,909718;-3,0731338;PASEO ESTACION FERROCARRIL, S/N;19292;Espinosa de Henares;Guadalajara;España
70210;MATILLAS;40,953837;-2,843212;BARRIO ESTACION FERROCARRIL, S/N;19294;Matillas;Guadalajara;España
70300;BAIDES;41,004911;-2,785903;CALLE ESTACION FERROCARRIL, S/N;19295;Baides;Guadalajara;España
43019;HUELVA-TERMINO;37,252635;-6,944905;AVENIDA DE CADIZ, S/N;21003;Huelva;Huelva;España
42015;CALAÑAS;37,651964;-6,876462;PASEO RAMON REGAJO, S/N;21300;Calañas;Huelva;España
42016;LOS MILANOS;37,586225;-6,919955;CARRETERA H-9020 - ESTACION FERROCARRIL, S/N;21300;Calañas;Huelva;España
42018;EL COBUJON;37,51651;-6,953432;CARRETERA HV-1427 - ESTACION FERROCARRIL, S/N;21300;Calañas;Huelva;España
42013;EL TAMUJOSO;37,7203298;-6,9005379;CARRETERA HU-5101 - ESTACION FERROCARRIL, S/N;21320;Cerro de Andévalo, El;Huelva;España
42012;VALDELAMUSA;37,787145;-6,8737178;CARRETERA HU-6102 - ESTACION FERROCARRIL, S/N;21330;Cortegana;Huelva;España
42009;ALMONASTER-CORTEGANA;37,9012229;-6,7973125;CALLE ALDEA ESTACION ALMTER, S/N;21342;Almonaster la Real;Huelva;España
42008;JABUGO-GALAROZA;37,9279893;-6,7730438;CALLE ROMAN TALERO, 34;21360;Jabugo;Huelva;España
42006;CUMBRES MAYORES;38,0532442;-6,6310657;CARRETERA A-5300 - ESTACION FERROCARRIL, S/N;21380;Cumbres Mayores;Huelva;España
42019;BELMONTE;37,461858;-6,947529;CARRETERA N-431 - ESTACION FERROCARRIL, S/N;21500;San Bartolomé de la Torre;Huelva;España
42020;GIBRALEON;37,367897;-6,962285;CALLE GUADIANA, 6;21500;Gibraleón;Huelva;España
43021;SAN JUAN DEL PUERTO;37,311893;-6,84109;CALLE RIOS ESQUINA PLAZA DE LA MARINA, S/N;21610;San Juan del Puerto;Huelva;España
43011;LA PALMA DEL CONDADO;37,3906538;-6,5544227;AVENIDA DE LA CONSTITUCION, 9;21700;Palma del Condado, La;Huelva;España
43015;NIEBLA-PUERTA DEL BUEY;37,3584965;-6,681256;AVENIDA PUERTA DEL BUEY, S/N;21840;Niebla;Huelva;España
43012;VILLARRASA;37,3870134;-6,598824;CARRETERA A-472 - ESTACION FERROCARRIL, S/N;21850;Villarrasa;Huelva;España
43009;ESCACENA;37,397858;-6,391999;CARRETERA HU-6111 - CAMINO DEL POZO, S/N;21870;Escacena del Campo;Huelva;España
74200;HUESCA;42,1333507;-0,4097769;CALLE JOSE GIL CAVEZ, 10;22005;Huesca;Huesca;España
78203;SARIÑENA;41,8171171;-0,1723288;BARRIO ESTACION FERROCARRIL, S/N;22200;Sariñena;Huesca;España
78200;TARDIENTA;41,9757949;-0,5383496;PLAZA ESTACION FERROCARRIL, S/N;22240;Tardienta;Huesca;España
78201;GRAÑEN;41,9379837;-0,3692811;CALLE RONDA DE ARAGON, S/N;22260;Grañén;Huesca;España
78301;MONZON-RIO CINCA;41,9137896;0,1969015;PLAZA ESTACION FERROCARRIL, S/N;22400;Monzón;Huesca;España
78302;BINEFAR;41,8497659;0,2913721;AVENIDA DE ARAGON, S/N;22500;Binéfar;Huesca;España
74211;SABIÑANIGO;42,5204167;-0,3733136;CALLE SERRABLO, 2;22600;Sabiñánigo;Huesca;España
74209;CALDEARENAS-AQUILUE;42,3979073;-0,499468;CALLE ESTACION FERROCARRIL, S/N;22624;Caldearenas;Huesca;España
74213;JACA;42,5776167;-0,5386996;CALLE ESTACION FERROCARRIL, S/N;22700;Jaca;Huesca;España
74214;CASTIELLO-PUEBLO;42,6273588;-0,5451882;AVENIDA FRANCIA, S/N;22710;Castiello de Jaca;Huesca;España
74204;AYERBE;42,2755598;-0,682595;CARRETERA A-1206 - AVENIDA LAORRE, S/N;22800;Ayerbe;Huesca;España
74205;RIGLOS-CONCILIO;42,3169651;-0,7274176;CALLE LACOS, S/N;22808;Peñas de Riglos, Las;Huesca;España
74206;RIGLOS;42,3447386;-0,7317148;CALLE ESTACION FERROCARRIL, S/N;22808;Peñas de Riglos, Las;Huesca;España
74202;PLASENCIA DEL MONTE;42,2051817;-0,5609244;CARRETERA A-1207 - ESTACION FERROCARRIL, S/N;22810;Sotonera, La;Huesca;España
74207;SANTA MARIA Y LA PEÑA;42,38038;-0,6958747;CALLE ESTACION FERROCARRIL, S/N;22820;Peñas de Riglos, Las;Huesca;España
74208;ANZANIGO;42,4033453;-0,6430434;CALLE ESTACION FERROCARRIL, S/N;22830;Caldearenas;Huesca;España
74216;VILLANUA-LETRANZ;42,6890585;-0,5234695;CALLE ESTACION FERROCARRIL, S/N;22870;Villanúa;Huesca;España
74217;CANFRANC;42,7513897;-0,5141525;AVENIDA DE FERNANDO EL CATOLICO, 2;22880;Canfranc;Huesca;España
03100;JAEN;37,7800495;-3,7908847;PLAZA DE JAEN POR LA PAZ, 1;23007;Jaén;Jaén;España
50207;VILCHES;38,2156965;-3,517513;CALLE ESTACION FERROCARRIL, S/N;23220;Vilches;Jaén;España
56004;JODAR-UBEDA;37,9133419;-3,3502021;CARRETERA A-401 - ESTACION DE FERROCARRIL, S/N;23400;Jódar;Jaén;España
50300;LINARES-BAEZA;38,069169;-3,5892724;PLAZA DE LAS PALMERAS, S/N;23490;Linares;Jaén;España
56009;CABRA DEL SANTO CRISTO Y ALICUN;37,6567026;-3,2625925;CARRETERA JV-3212 - ESTACION FERROCARRIL, S/N;23590;Cabra del Santo Cristo;Jaén;España
03001;MENGIBAR-ARTICHUELA;37,9778433;-3,8019294;CALLE CAMINO ESTACION FERROCARRIL, S/N;23620;Mengíbar;Jaén;España
50400;ESPELUY;38,0101413;-3,832274;PLAZA ESTACION FERROCARRIL, 3;23628;Espelúy;Jaén;España
50403;ANDUJAR;38,02824;-4,06604;CARRETERA ESTACION FERROCARRIL S/N;23740;Andújar;Jaén;España
15100;LEON;42,595994;-5,5826161;CALLE ASTORGA, S/N;24009;León;León;España
15015;PALANQUINOS;42,4606633;-5,4974771;PLAZA SANTA RITA, 10;24225;Villanueva de las Manzanas;León;España
20111;BEMBIBRE;42,6095787;-6,4222006;CALLE SUSANA GONZALEZ, 56;24300;Bembibre;León;España
15009;SAHAGUN;42,3693361;-5,0226545;CALLE TRAS ESTACION, S/N;24320;Sahagún;León;España
15014;SANTAS MARTAS;42,4599988;-5,3866323;CALLE ESTACION FERROCARRIL, 10-16;24330;Santas Martas;León;España
15008;GRAJAL;42,3231962;-5,0133741;CALLE ESTACION FERROCARRIL, S/N;24340;Grajal de Campos;León;España
15012;EL BURGO RANERO;42,4257649;-5,2084815;CALLE SENDA ESTACION FERROCARRIL, S/N;24343;Burgo Ranero, El;León;España
20005;VEGUELLINA;42,433562;-5,887601;PASEO ESTACION FERROCARRIL, 34;24350;Villarejo de Órbigo;León;España
20104;BRAÑUELAS;42,632623;-6,2010116;TRAVESIA FANAL, 5;24360;Villagatón;León;España
20109;TORRE DEL BIERZO;42,595497;-6,3289094;PASEO ESTACION FERROCARRIL, S/N;24370;Torre del Bierzo;León;España
20106;LA GRANJA;42,606841;-6,294966;AVENIDA SAN VICENTE, S/N;24378;Torre del Bierzo;León;España
20002;QUINTANA-RANEROS;42,5500687;-5,6377276;CALLE GUZMAN EL BUENO, S/N;24391;Santovenia de la Valdoncina;León;España
20008;VILLABANTE;42,4645614;-5,8388884;CALLE EL PALACIO, 32;24393;Santa Marina del Rey;León;España
20006;BARRIENTOS;42,414221;-5,9639231;CALLE SANTA ANA, 20;24394;Valderrey;León;España
20007;NISTAL;42,4244463;-6,0080164;CALLE ANTONIO ACEÑA, 21;24395;San Justo de la Vega;León;España
20102;VEGA-MAGAZ;42,5531716;-6,067997;CALLE CAMINO ESTACION FERROCARRIL, S/N;24396;Magaz de Cepeda;León;España
20103;PORQUEROS;42,598974;-6,108328;CALLE ESTACION FERROCARRIL, 5;24397;Magaz de Cepeda;León;España
20113;SAN MIGUEL DE LAS DUEÑAS;42,5864103;-6,5237647;CALLE ESTACION FERROCARRIL, 34;24398;Congosto;León;España
20200;PONFERRADA;42,545398;-6,602382;AVENIDA DEL FERROCARRIL, 15;24400;Ponferrada;León;España
20204;TORAL DE LOS VADOS;42,541061;-6,7765649;PLAZA ESTACION FERROCARRIL, S/N;24560;Toral de los Vados;León;España
20203;VILLADEPALOS;42,5368908;-6,751069;CALLE CAMINO DEL APEADERO, S/N;24565;Carracedelo;León;España
15108;LA POLA DE GORDON;42,854015;-5,674606;CALLE CAPITAN LOZANO, 7;24600;Pola de Gordón, La;León;España
15106;LA ROBLA;42,8039955;-5,6263925;CALLE GORDON ORDAS, 30;24640;Robla, La;León;España
15109;SANTA LUCIA;42,8749243;-5,6397212;CALLE REINO DE LEON, 1;24650;Pola de Gordón, La;León;España
15112;VILLAMANIN;42,9367014;-5,6576852;CALLE ESTACION FERROCARRIL, 5;24680;Villamanín;León;España
15113;BUSDONGO;42,9844961;-5,7053997;CARRETERA N-630 - ESTACION FERROCARRIL, 1;24690;Villamanín;León;España
20100;ASTORGA;42,4594174;-6,0471732;AVENIDA ESTACION FERROCARRIL, S/N;24700;Astorga;León;España
78400;LLEIDA-PIRINEUS;41,6207709;0,6327913;PLAÇA BERENGUER IV, S/N;25007;Lleida;Lleida;España
73001;PUIGVERD DE LLEIDA-ARTESA DE LLEIDA;41,5536749;0,7333933;CARRETERA LV-7022 - ESTACION FERROCARRIL, 6;25153;Puigverd de Lleida;Lleida;España
78500;CERVERA;41,6736697;1,2747541;PASSEIG DE L'ESTACIO FERROCARRIL, S/N;25200;Cervera;Lleida;España
78402;BELL-LLOC D'URGELL;41,6316563;0,7815619;CARRER DE L'ESTACIO, S/N;25220;Bell-lloc d'Urgell;Lleida;España
78403;MOLLERUSSA;41,6318261;0,8969098;PLAÇA L'ESTACIO FERROCARRIL, 4;25230;Mollerussa;Lleida;España
78404;GOLMES;41,6359096;0,9308368;PASSEIG L'ESTACIO FERROCARRIL, S/N;25241;Golmés;Lleida;España
78406;BELLPUIG;41,6325588;1,0129742;AVINGUDA DE LLEIDA, S/N;25250;Bellpuig;Lleida;España
78405;CASTELLNOU DE SEANA;41,6374776;0,9677288;CARRETERA LV-3443 - ESTACION FERROCARRIL, S/N;25265;Castellnou de Seana;Lleida;España
78501;SANT GUIM DE FREIXENET;41,6559069;1,4205931;PLAÇA DE L'ESTACIO, S/N;25270;Sant Guim de Freixenet;Lleida;España
78408;TARREGA;41,6502293;1,1388073;CARRE DEL SEGLE XX, S/N;25300;Tàrrega;Lleida;España
78407;ANGLESOLA;41,6463987;1,0789872;CARRETERA LV-3342 - ESTACION FEROCARRIL, S/N;25320;Anglesola;Lleida;España
73003;LES BORGES BLANQUES;41,5217222;0,8772657;CAMI DEL CARRO, S/N;25400;Borges Blanques, Les;Lleida;España
73004;LA FLORESTA;41,5041749;0,9243914;CARRETERA LV-2012 - ESTACION FERROCARRIL, S/N;25413;Floresta, La;Lleida;España
73002;JUNEDA;41,5439419;0,8255156;CARRER DE PRAT DE LA RIBA, S/N;25430;Juneda;Lleida;España
73005;VINAIXA;41,4251246;0,9704029;CARRETERA ALBI, 34;25440;Vinaixa;Lleida;España
81100;LOGROÑO;42,4575947;-2,4406833;AVENIDA DE COLON, 83;26003;Logroño;Rioja, La;España
81102;AGONCILLO;42,4435948;-2,2916232;CALLE JOSE MARIA DE LA VEGA, S/N;26160;Agoncillo;Rioja, La;España
81002;HARO;42,5836452;-2,8492747;CALLE ESTACION FERROCARRIL, S/N;26200;Haro;Rioja, La;España
81108;CALAHORRA;42,3106137;-1,9579207;AVENIDA ESTACION FERROCARRIL, S/N;26500;Calahorra;Rioja, La;España
81105;ALCANADRE;42,4074871;-2,1222005;CALLE CARRETERA ESTACION, 49;26509;Alcanadre;Rioja, La;España
81110;ALFARO;42,1864833;-1,7481719;AVENIDA DE LA VIA, S/N;26540;Alfaro;Rioja, La;España
81109;RINCON DE SOTO;42,2301894;-1,8477929;CALLE ESTACION FERROCARRIL, 2;26550;Rincón de Soto;Rioja, La;España
20309;LUGO;43,0150666;-7,5521368;PLAZA DE CONDE FONTAO, S/N;27003;Lugo;Lugo;España
20314;GUITIRIZ;43,1790747;-7,8950709;CALLE ESTACION FERROCARRIL, 71;27300;Guitiriz;Lugo;España
20216;SAN CLODIO-QUIROGA;42,465255;-7,287173;RUA DO FERROCARRIL, 31;27310;Ribas de Sil;Lugo;España
20218;POBRA DE BROLLON;42,5337515;-7,4001532;AVENIDA DA POBRA, S/N;27331;Pobra do Brollón, A;Lugo;España
20310;RABADE;43,121342;-7,6247063;PRAZA DE ESPAÑA, 23;27370;Rábade;Lugo;España
20312;BAAMONDE;43,1734198;-7,7563639;CALLE ESTACION FERROCARRIL, 8;27371;Begonte;Lugo;España
20313;PARGA;43,1636305;-7,8373271;AVENIDA DA ESTACION, 9;27380;Guitiriz;Lugo;España
20214;MONTEFURADO;42,3937465;-7,194573;CALLE SAN MIGUEL MONTEF, 4;27390;Quiroga;Lugo;España
20300;MONFORTE DE LEMOS;42,5295972;-7,5034723;PRAZA DA ESTACION, S/N;27400;Monforte de Lemos;Lugo;España
22003;SAN ESTEVO DO SIL;42,4272196;-7,6624968;CARRETERA LU-P-4103 - ESTACION FERROCARRIL, S/N;27437;Pantón;Lugo;España
22001;CANABAL;42,4826865;-7,5876638;TRAVESIA ESTACION FERROCARRIL, 19;27440;Sober;Lugo;España
22004;SAN PEDRO DO SIL;42,4528283;-7,7123405;CARRETERA LU-P-4104 - ESTACION FERROCARRIL, S/N;27470;Pantón;Lugo;España
22002;AREAS;42,4579254;-7,6291878;CARRETERA LU-P-5902 - ESTACION FERROCARRIL, S/N;27578;Sober;Lugo;España
20305;SARRIA;42,7841346;-7,4188404;RUA RAMON CABANILLAS, 6;27600;Sarria;Lugo;España
20306;PEDRELO-CELTIGOS;42,832904;-7,3933761;CALLE CELTIGOS, 84;27617;Sarria;Lugo;España
60000;MADRID-PUERTA DE ATOCHA;40,4053548;-3,6895915;GLORIETA EMPERADOR CARLOS V, S/N;28045;Madrid;Madrid;España
10204;ZARZALEJO;40,5388169;-4,1580731;CALLE DEL FERROCARRIL, S/N;28293;Zarzalejo;Madrid;España
10205;ROBLEDO DE CHAVELA;40,5207512;-4,2467712;AVENIDA ESTACION FERROCARRIL, S/N;28294;Robledo de Chavela;Madrid;España
10206;SANTA MARIA DE LA ALAMEDA-PEGUERINOS;40,5689814;-4,2691278;CALLE DOCE DE OCTUBRE, S/N;28296;Santa María de la Alameda;Madrid;España
10209;EL PIMPOLLAR;40,5677042;-4,2831457;CALLE ESTACION FERROCARRIL, S/N;28296;Santa María de la Alameda;Madrid;España
60202;CASTILLEJO-AÑOVER;39,9495877;-3,7384557;CARRETERA M-416 - AÑOVER-YEPES - ESTACION FERROCARRIL, S/N;28300;Aranjuez;Madrid;España
12007;TABLADA;40,7056575;-4,1253575;AVENIDA VALLE DEL GUADARRAMA, S/N;28480;Guadarrama;Madrid;España
05019;ANTEQUERA;37,0281836;-4,5609649;BARRIADA ESTACION, S/N;29200;Antequera;Málaga;España
55001;CAMPILLOS;37,0321901;-4,8635104;CARRETERA ESTACION FERROCARRIL, S/N;29320;Campillos;Málaga;España
55003;ALMARGEN-CAÑETE LA REAL;37,0010286;-5,0201169;CALLE CORTINA ESTACION, 1B;29330;Almargen;Málaga;España
55008;ARRIATE;36,7910791;-5,1401779;CARRETERA MA-7400 - ESTACION FERROCARRIL, S/N;29350;Arriate;Málaga;España
55010;BENAOJAN-MONTEJAQUE;36,7137902;-5,246408;CARRETERA ESTACION BENAOJAN, S/N;29370;Benaoján;Málaga;España
55012;CORTES DE LA FRONTERA;36,5973589;-5,3327945;AVENIDA LLANO DE LA ESTACION, S/N;29391;Cortes de la Frontera;Málaga;España
55011;JIMERA DE LIBAR;36,6607132;-5,2814788;AVENIDA LA BARCA - CALLE FUENTE GRANDE, S/N;29392;Jimera de Líbar;Málaga;España
55007;RONDA;36,748424;-5,1619184;AVENIDA DE ANDALUCIA, 31;29400;Ronda;Málaga;España
55013;GAUCIN;36,5403999;-5,3863848;CARRETERA MA-512 - ESTACION FERROCARRIL, S/N;29490;Gaucín;Málaga;España
02003;ANTEQUERA-SANTA ANA;37,0702806;-4,7190304;CARRETERA MA-5406 - ESTACION FERROCARRIL, S/N;29540;Antequera;Málaga;España
54400;BOBADILLA;37,0375444;-4,7277249;PLAZA DE LA ESTACION, S/N;29540;Antequera;Málaga;España
54403;EL CHORRO-CAMINITO DEL REY;36,9073169;-4,7592403;CARRETERA MA-5403 - ESTACION DE FERROCARRIL, S/N;29552;Álora;Málaga;España
54404;LAS MELLIZAS;36,8732968;-4,7194626;BARRIADA ESTACION DE LAS MELLIZAS, S/N;29593;Álora;Málaga;España
61307;CARTAGENA;37,6050218;-0,9749997;PLAZA DE MEJICO, 2;30203;Cartagena;Murcia;España
61009;CALASPARRA;38,2692997;-1,6799747;CALLE ESTACION FERROCARRIL, 8;30420;Calasparra;Murcia;España
61012;CIEZA;38,2468104;-1,4220446;CALLE ESTACION FERROCARRIL, 34;30530;Cieza;Murcia;España
61303;BALSICAS-MAR MENOR;37,8188201;-0,950921;CALLE MAR MENOR, S/N;30591;Torre-Pacheco;Murcia;España
61015;ARCHENA-FORTUNA;38,1313637;-1,2360305;CALLE ESTACION FERROCARRIL, S/N;30627;Archena;Murcia;España
61304;TORRE-PACHECO;37,7470233;-0,9670555;AVENIDA ESTACION FERROCARRIL, S/N;30700;Torre-Pacheco;Murcia;España
80100;PAMPLONA;42,8249954;-1,6614366;PLAZA ESTACION FERROCARRIL, S/N;31012;Pamplona/Iruña;Navarra;España
80108;TAFALLA;42,5257632;-1,671436;CARRETERA NA-132 - PASEO DE LAS RUEDAS, S/N;31300;Tafalla;Navarra;España
80115;VILLAFRANCA DE NAVARRA;42,28074;-1,7456041;AVENIDA MIGUEL DE CERVANTES, S/N;31330;Villafranca;Navarra;España
80114;MARCILLA DE NAVARRA;42,3348238;-1,7173764;CARRETERA NA-128 - ESTACION DE FERROCARRIL, S/N;31340;Marcilla;Navarra;España
80109;OLITE/ERRIBERRI;42,4850493;-1,6499102;CALLE ESTACION DE FERROCARRIL, 25;31390;Olite/Erriberri;Navarra;España
81202;TUDELA DE NAVARRA;42,05945;-1,5978474;PLAZA ESTACION FERROCARRIL, S/N;31500;Tudela;Navarra;España
81205;CORTES DE NAVARRA;41,9148345;-1,4203255;CARRETERA NA-5200 - ESTACION FERROCARRIL, S/N;31530;Cortes;Navarra;España
81203;RIBAFORADA;41,9970977;-1,5152248;CALLE PARLAMENTO NAVARRO, 45;31550;Ribaforada;Navarra;España
81106;FECULAS-NAVARRA;42,4111028;-2,0981948;CARRETERA NA-6540 - ESTACION FERROCARRIL, S/N;31580;Lodosa;Navarra;España
81200;CASTEJON DE EBRO;42,1728476;-1,6924327;CALLE JERONIMO MARCO, 1;31590;Castejón;Navarra;España
11300;ALTSASU;42,8948377;-2,1812049;CALLE ESTACION FERROCARRIL, S/N;31800;Altsasu/Alsasua;Navarra;España
80001;ALTSASU-PUEBLO;42,8933068;-2,1674164;CALLE VENTA ABAJO, 2;31800;Altsasu/Alsasua;Navarra;España
80003;ETXARRI-ARANATZ;42,9111083;-2,0712153;CARRETERA NA-120 - ESTACION FERROCARRIL, S/N;31820;Etxarri Aranatz;Navarra;España
80005;UHARTE-ARAKIL;42,920515;-1,9747672;CALLE ESTACION FERROCARRIL, S/N;31840;Uharte Arakil;Navarra;España
22100;OURENSE;42,3503978;-7,8728207;AVENIDA MARIN, S/N;32001;Ourense;Ourense;España
31215;OURENSE-SAN FRANCISCO;42,3326562;-7,8609025;RUA PENA TREVINCA, 39;32005;Ourense;Ourense;España
20207;COVAS;42,475285;-6,830882;CALLE ESTACION FERROCARRIL, S/N;32141;Rubiá;Ourense;España
20211;O BARCO DE VALDEORRAS;42,4182266;-6,9850514;AVENIDA ESTACION FERROCARRIL, S/N;32300;Barco de Valdeorras, O;Ourense;España
20208;QUEREÑO;42,4207086;-6,8295034;RUA DA ESTACION, S/N;32320;Rubiá;Ourense;España
20210;SOBRADELO;42,4148488;-6,9119341;CARRETERA DE ENTOMA - ESTACION FERROCARRIL, S/N;32330;Carballeda de Valdeorras;Ourense;España
20212;VILAMARTIN DE VALDEORRAS;42,4115712;-7,061442;PLAZA MIGUEL ESTEVEZ, S/N;32340;Vilamartín de Valdeorras;Ourense;España
20213;A RUA-PETIN;42,3926731;-7,1132567;RUA CIRCUNVALACION, S/N;32350;Rúa, A;Ourense;España
22102;RIBADAVIA;42,2931292;-8,1391141;RUA BAIXADA O CONSELLO, S/N;32400;Ribadavia;Ourense;España
22005;OS PEARES;42,4511659;-7,7356295;CARRETERA LU-P-1004 - ESTACION FERROCARRIL, S/N;32440;Peroxa, A;Ourense;España
22101;BARBANTES;42,33856;-8,011593;RUA DA ESTACION, 1;32450;Cenlle;Ourense;España
31304;O CARBALLIÑO;42,4314286;-8,0688481;AVENIDA O VINTECINCO DE XULLO, S/N;32500;Carballiño, O;Ourense;España
31306;O IRIXO;42,5196769;-8,1050595;CARRETERA OU-223 - ALDEA A LAMA, 46;32530;Irixo, O;Ourense;España
31205;A GUDIÑA;42,06069;-7,1324361;CARRETERA N-525 - BEATO SEBASTIAN APARICIO, S/N;32540;Gudiña, A;Ourense;España
31303;A FRIELA-MASIDE;42,4113745;-8,02893;CARRETERA OU-0303 - RUA SAN AMARO, S/N;32570;Maside;Ourense;España
22006;BARRA DE MIÑO;42,4010936;-7,8026302;RUA DA ESTACION, 34-37;32950;Coles;Ourense;España
15116;LINARES-CONGOSTINAS;43,101767;-5,772133;CAMINO ASPR-92 - ESTACION FERROCARRIL, S/N;33694;Lena;Asturias;España
14100;PALENCIA;42,015584;-4,534037;CALLE ESTACION DEL NORTE, 5;34005;Palencia;Palencia;España
15001;GRIJOTA;42,0499031;-4,5847811;PASEO ESTACION FERROCARRIL, S/N;34192;Grijota;Palencia;España
11000;VENTA DE BAÑOS;41,9168511;-4,4962752;CALLE LINEA FERROCARRIL, 3 - 7;34200;Venta de Baños;Palencia;España
10605;DUEÑAS;41,8712672;-4,5407883;CALLE ESTACION FERROCARRIL, 7;34210;Dueñas;Palencia;España
11004;MAGAZ;41,9765365;-4,4320888;AVENIDA VIRGEN DE VILLAVERDE, S/N;34220;Magaz de Pisuerga;Palencia;España
11006;QUINTANA DEL PUENTE;42,0800306;-4,1985943;CALLE ASELMO ARENILLAS, S/N;34250;Quintana del Puente;Palencia;España
15004;PAREDES DE NAVA;42,1507267;-4,697486;AVENIDA BERRUGUETE, 38;34300;Paredes de Nava;Palencia;España
15003;BECERRIL;42,1047567;-4,6470894;CARRETERA P-953 - ESTACION FERROCARRIL, S/N;34310;Becerril de Campos;Palencia;España
15006;CISNEROS;42,1910681;-4,8502058;CARRETERA P-932 - ESTACION FERROCARRIL, S/N;34320;Cisneros;Palencia;España
15007;VILLADA;42,2452341;-4,9705373;CALLE ESTACION NORTE, S/N;34340;Villada;Palencia;España
14111;HERRERA DEL PISUERGA;42,5986861;-4,3165333;CARRETERA C-627 - ESTACION DE FERROCARRIL, S/N;34400;Herrera de Pisuerga;Palencia;España
14101;MONZON DE CAMPOS;42,1055551;-4,5016744;CALLE ESTACION DE FERROCARRIL, S/N;34410;Monzón de Campos;Palencia;España
14117;EL CARRION;42,116362;-4,496319;CALLE CAMINO BECERRIL, S/N;34410;Monzón de Campos;Palencia;España
14102;AMUSCO;42,1781783;-4,4804909;CARRETERA P-983 - ESTACION FERROCARRIL, S/N;34420;Amusco;Palencia;España
14103;PIÑA;42,2117274;-4,4345791;CALLE ESTACION FERROCARRIL, S/N;34430;Piña de Campos;Palencia;España
14104;FROMISTA;42,264858;-4,402452;CALLE LAS HUESAS, S/N;34440;Frómista;Palencia;España
14107;OSORNO;42,4151581;-4,3573484;AVENIDA CALVO SOTELO, S/N;34460;Osorno la Mayor;Palencia;España
14112;ALAR DEL REY;42,6568658;-4,311367;CALLE ESTACION FERROCARRIL, S/N;34480;Alar del Rey;Palencia;España
14108;ESPINOSA DE VILLAGONZALO;42,478955;-4,374475;CALLE APEADERO, S/N;34491;Espinosa de Villagonzalo;Palencia;España
14113;MAVE;42,7234326;-4,2755773;PLAZA ESTACION FERROCARRIL, S/N;34492;Aguilar de Campoo;Palencia;España
14114;AGUILAR DE CAMPOO;42,785252;-4,2338473;BARRIO ESTACION FERROCARRIL, 18 - 19;34800;Aguilar de Campoo;Palencia;España
14115;QUINTANILLA DE LAS TORRES;42,818975;-4,2026884;CALLE ESTACION FERROCARRIL, S/N;34811;Pomar de Valdivia;Palencia;España
23018;PONTEVEDRA-UNIVERSIDAD;42,4388295;-8,6303782;AVENIDA BUENOS AIRES, 74 - CAMINO DA VIA - ESTACION FERROCARRIL, S/N;36002;Pontevedra;Pontevedra;España
23004;PONTEVEDRA;42,42164;-8,63583;AVENIDA DE LA ESTACION, S/N;36003;Pontevedra;Pontevedra;España
08223;VIGO URZAIZ;42,2344784;-8,7130987;PLAZA ESTACION FERROCARRIL, S/N;36201;Vigo;Pontevedra;España
22308;VIGO-GUIXAR;42,239273;-8,7153479;RUA AREAL, S/N;36201;Vigo;Pontevedra;España
22201;O PORRIÑO;42,1640956;-8,6220121;RUA ESTACION FERROCARRIL, 9;36400;Porriño, O;Pontevedra;España
22103;FILGUEIRA;42,2199566;-8,1848025;CARRETERA PO-401 - ESTACION FERROCARRIL, S/N;36420;Crecente;Pontevedra;España
22104;FRIEIRA;42,154972;-8,2001702;CARRETERA OR-412 - ESTACION FERROCARRIL, S/N;36428;Crecente;Pontevedra;España
22106;ARBO;42,1069927;-8,3002144;RUA DA ESTACION, 2;36430;Arbo;Pontevedra;España
22108;AS NEVES;42,0754353;-8,4201118;CARRETERA EP-4203 - ESTACION FERROCARRIL, S/N;36440;Neves, As;Pontevedra;España
22109;SALVATERRA;42,0816074;-8,4952202;RUA MARQUES DE VIANA, S/N;36450;Salvaterra de Miño;Pontevedra;España
22105;POUSA-CRECENTE;42,1366863;-8,2348913;CALLE POUSA - ESTACION FERROCARRIL, S/N;36493;Crecente;Pontevedra;España
22107;SELA;42,0920451;-8,3559662;CARRETERA PO-400 ESTACION FERROCARRIL, S/N;36494;Arbo;Pontevedra;España
31308;LALIN;42,6325351;-8,1426426;CARRETERA PO-534 Y CALLE BOTOS - ESTACION FERROCARRIL, S/N;36519;Lalín;Pontevedra;España
23008;VILAGARCIA DE AROUSA;42,6019751;-8,7622662;AVENIDA DOUTOR MOREIRA CASAL, 20;36600;Vilagarcía de Arousa;Pontevedra;España
23009;CATOIRA;42,6722202;-8,7253854;PRAZA DO DOCTOR JOSE R. VAZQUEZ, 1 - RUA DA ESTACION, S/N;36612;Catoira;Pontevedra;España
23010;PONTECESURES;42,7229746;-8,6521346;RUA ESTACION FERROCARRIL, 2;36640;Pontecesures;Pontevedra;España
23002;ARCADE;42,3404447;-8,6104633;RUA ROSALIA DE CASTRO, S/N;36690;Soutomaior;Pontevedra;España
23005;PORTELA;42,5177336;-8,6545656;CARRETERA EP-0506 - ESTACION FERROCARRIL, S/N;36692;Barro;Pontevedra;España
23001;CESANTES;42,3101953;-8,6164619;ESTRADA PRAIA DE CESANTES, 80;36693;Redondela;Pontevedra;España
22401;TUI;42,0565541;-8,6430108;AVENIDA LA CONCORDIA, 71;36715;Tui;Pontevedra;España
22200;GUILLAREI;42,0656748;-8,6225614;PLAZA ESTACION FERROCARRIL, S/N;36720;Tui;Pontevedra;España
22110;CALDELAS;42,0557889;-8,566391;CARRETERA PO-404 - ESTACION FERROCARRIL, S/N;36729;Tui;Pontevedra;España
22300;REDONDELA;42,2860395;-8,6194152;CALLE ALDEA PORTELA, 83;36800;Redondela;Pontevedra;España
23000;REDONDELA-PICOTA;42,2867756;-8,60741;CAMIÑO CARRASCAL, 10;36800;Redondela;Pontevedra;España
08224;REDONDELA-AV;42,284533;-8,603713;ESTRADA DE PAZOS, 10;36818;Redondela;Pontevedra;España
30100;SALAMANCA;40,9718729;-5,6484306;PASEO DE LA ESTACION, 122;37004;Salamanca;Salamanca;España
34010;PEÑARANDA DE BRACAMONTE;40,8980292;-5,2064124;RONDA ESTACION FERROCARRIL, 15;37300;Peñaranda de Bracamonte;Salamanca;España
34011;VILLAR DE GALLIMAZO;40,952035;-5,2959951;PASEO ESTACION FERROCARRIL, S/N;37320;Villar de Gallimazo;Salamanca;España
34012;BABILAFUENTE;40,9723606;-5,430571;CARRETERA DSA-650 - ESTACION FERROCARRIL, S/N;37330;Babilafuente;Salamanca;España
34013;SAN MORALES;40,984155;-5,4927959;CARRETERA DSA-650 - ESTACION FERROCARRIL, S/N;37340;San Morales;Salamanca;España
34014;ALDEALENGUA;40,9797942;-5,5531967;CARRETERA SA-804 - ESTACION FERROCARRIL, S/N;37350;Aldealengua;Salamanca;España
32004;CANTALAPIEDRA;41,1333609;-5,1829996;PASEO ESTACION FERROCARRIL - CALLE CARDILLARES, S/N;37400;Cantalapiedra;Salamanca;España
32006;EL PEDROSO DE LA ARMUÑA;41,0798874;-5,4060954;PASEO DE LA ESTACION, 53;37410;Pedroso de la Armuña, El;Salamanca;España
32008;GOMECELLO;41,0418311;-5,5415499;CARRETERA PEDROSILLO, 6;37420;Gomecello;Salamanca;España
32009;MORISCOS;41,0116521;-5,5847795;CARRETERA DSA-610 - ESTACION FERROCARRIL, S/N;37430;Moriscos;Salamanca;España
33016;FUENTES DE OÑORO;40,5985473;-6,8245499;CALLE GABRIEL Y GALAN, 4;37481;Fuentes de Oñoro;Salamanca;España
32007;PITIEGUA;41,063766;-5,4741063;CALLE VILLAVERDE, S/N;37490;Pitiegua;Salamanca;España
33013;CIUDAD RODRIGO;40,6087348;-6,530465;PASEO ESTACION FERROCARRIL, 25;37500;Ciudad Rodrigo;Salamanca;España
08004;SEGOVIA-GUIOMAR;40,9101867;-4,0948827;PASEO CAMPOS DE CASTILLA, S/N;40006;Segovia;Segovia;España
12100;SEGOVIA;40,934241;-4,113537;CALLE OBISPO QUESADA, 1;40006;Segovia;Segovia;España
12008;GUDILLOS;40,7169045;-4,157703;CAMINO DE GUDILLOS, S/N;40400;Espinar, El;Segovia;España
12010;EL ESPINAR;40,7408315;-4,1895156;CALLE ESTACION FERROCARRIL, S/N;40400;Espinar, El;Segovia;España
12009;SAN RAFAEL;40,7149439;-4,1813829;BARRIO DE SAN RAFAEL, S/N;40410;Espinar, El;Segovia;España
12014;NAVAS DE RIOFRIO-LA LOSA;40,8566626;-4,1410906;CALLE ESTACION FERROCARRIL, S/N;40420;Navas de Riofrío;Segovia;España
12013;ORTIGOSA DEL MONTE;40,8327459;-4,1685099;AVENIDA ESTACION FERROCARRIL, S/N;40421;Ortigosa del Monte;Segovia;España
12012;OTERO-HERREROS;40,8009154;-4,2035564;BARRIO ESTACION FERROCARRIL, S/N;40422;Otero de Herreros;Segovia;España
12011;LOS ANGELES DE SAN RAFAEL;40,778532;-4,2073718;URBANIZACION LOS ANGELES DE SAN RAFAEL, S/N;40424;Otero de Herreros;Segovia;España
40108;GUADALCANAL;38,0903071;-5,8034699;CARRETERA SE-165 - ESTACION FERROCARRIL, S/N;41390;Guadalcanal;Sevilla;España
50507;PEÑAFLOR;37,7074846;-5,3416079;CALLE ESTACION DE FERROCARRIL, S/N;41470;Peñaflor;Sevilla;España
01009;PEDRERA;37,2223527;-4,893696;CALLE MANUEL ARANDA, 3;41566;Pedrera;Sevilla;España
01003;ARAHAL;37,268141;-5,5484006;CALLE VIRGEN DE LOS DOLORES, S/N;41600;Arahal;Sevilla;España
01005;MARCHENA;37,3342501;-5,4254295;AVENIDA MAESTRO SANTOS RUANO, 8;41620;Marchena;Sevilla;España
01007;OSUNA;37,2337769;-5,1148398;AVENIDA ESTACION FERROCARRIL, S/N;41640;Osuna;Sevilla;España
43008;CARRION DE LOS CESPEDES;37,36902;-6,335012;CARRETERA SE-637 - ESTACION FERROCARRIL, S/N;41820;Carrión de los Céspedes;Sevilla;España
82100;SORIA;41,7552817;-2,4754959;CALLE CARRETERA MADRID, S/N;42005;Soria;Soria;España
84101;ALMAZAN-VILLA;41,488985;-2,52522;AVENIDA ESTACION FERROCARRIL, 9;42200;Almazán;Soria;España
70400;TORRALBA;41,136239;-2,4928288;BARRIO ESTACION FERROCARRIL, S/N;42230;Medinaceli;Soria;España
70401;MEDINACELI;41,1652422;-2,4212014;PLAZA ESTACION FERROCARRIL, S/N;42240;Medinaceli;Soria;España
70403;ARCOS DE JALON;41,2156614;-2,2776762;PLAZA ESTACION FERROCARRIL, S/N;42250;Arcos de Jalón;Soria;España
70404;SANTA MARIA DE HUERTA;41,2639286;-2,1779682;CALLE ESTACION FERROCARRIL, S/N;42260;Santa María de Huerta;Soria;España
84104;QUINTANA REDONDA;41,6396602;-2,6096561;CALLE ESTACION FERROCARRIL, S/N;42291;Quintana Redonda;Soria;España
84103;TARDELCUENDE;41,5935589;-2,6393367;AVENIDA ESTACION FERROCARRIL, S/N;42294;Tardelcuende;Soria;España
71500;TARRAGONA;41,1115634;1,253232;PASSEIG DE ESPANYA, S/N;43004;Tarragona;Tarragona;España
71502;ALTAFULLA-TAMARIT;41,1367887;1,3741011;CARRETERA TV-2023 - CARRER DE LA FASSINA - ESTACION FERROCARRIL, S/N;43008;Altafulla;Tarragona;España
71400;REUS;41,1604541;1,1001041;PLAÇA DE L'ESTACIO FERROCARRIL, S/N;43203;Reus;Tarragona;España
71307;LES BORGES DEL CAMP;41,1664731;1,0221315;CARRER ESTACIO FERROCARRIL, S/N;43350;Borges del Camp, Les;Tarragona;España
73008;MONTBLANC;41,3765805;1,1655496;AVINGUDA DE L'ESTACIO, 16;43400;Montblanc;Tarragona;España
73006;VIMBODI I POBLET;41,4026952;1,0459896;PASSEIG DEL MESTRE GARCIA, 1;43430;Vimbodí i Poblet;Tarragona;España
73007;L'ESPLUGA DE FRANCOLI;41,400627;1,1033167;CAMI L'ESTACIO FERRORARRIL, S/N;43440;Espluga de Francolí, L';Tarragona;España
73010;LA RIBA;41,3184699;1,1812863;CARRETERA TV-7044 - ESTACION FERROCARRIL, S/N;43450;Riba, La;Tarragona;España
73101;ALCOVER;41,2615791;1,1741561;PASSEIG DE L' ESTACIO, S/N;43460;Alcover;Tarragona;España
73102;LA SELVA DEL CAMP;41,2112675;1,1439237;PASSEIG L'ESTACIO FERROCARRIL, S/N;43470;Selva del Camp, La;Tarragona;España
71401;VILA-SECA;41,1128032;1,1503332;CARRER DE GALCERAN DE PINOS, S/N;43480;Vila-seca;Tarragona;España
73009;VILAVERD;41,3376004;1,1764993;CALLE CARRERMAYOR, S/N;43490;Vilaverd;Tarragona;España
73100;LA PLANA-PICAMOIXONS;41,3060974;1,1949549;CARRETERA T-743 - KM. 553 - ESTACION FERROCARRIL, S/N;43491;Valls;Tarragona;España
65400;TORTOSA;40,8072878;0,5230081;CALLE POETA VICENTE I GARCIA, 6 - 12;43500;Tortosa;Tarragona;España
65314;ULLDECONA-ALCANAR-LA SENIA;40,5959442;0,4492822;PASSEIG DE L'ESTACIO, S/N;43550;Ulldecona;Tarragona;España
71210;FLIX;41,229399;0,5400743;PLAÇA SANT JAUME, S/N;43750;Flix;Tarragona;España
04104;CAMP DE TARRAGONA;41,1921826;1,273878;CALLE MAS L HEREUET, S/N;43765;Tarragona;Tarragona;España
71300;MORA LA NOVA;41,1065208;0,653247;CAMI L'ESTACIO FERROCARRIL, S/N;43770;Móra la Nova;Tarragona;España
71306;RIUDECANYES-BOTARELL;41,1400222;0,9756851;CARRETERA T-3131 - ESTACION FERROCARRIL, S/N;43771;Riudecanyes;Tarragona;España
71305;DUESAIGÜES-L'ARGENTERA;41,1436386;0,9208351;CARRETERA T-343 - ESTACION FERROCARRIL, S/N;43773;Argentera, L';Tarragona;España
71304;PRADELL;41,133329;0,8586158;CARRETERA TV-3223 - ESTACION FERROCARRIL, S/N;43774;Pradell de la Teixeta;Tarragona;España
71303;MARÇA-FALSET;41,1308992;0,8103526;CARRETERA T-300 - ESTACION FERROCARRIL, S/N;43775;Marçà;Tarragona;España
71302;CAPÇANES;41,1020781;0,780339;CARRETERA TV-3002 - CARRER DE LLABERIA - ESTACION FERROCARRIL, S/N;43776;Capçanes;Tarragona;España
71301;ELS GUIAMETS;41,095923;0,7476965;CARRETERA TV-3031 - ESTACION FERROCARRIL, S/N;43777;Guiamets, Els;Tarragona;España
71208;FAIO-LA POBLA DE MASSALUCA;41,2250145;0,3510729;CARRETERA TV-7231 - ESTACION DE FERROCARRIL, S/N;43783;Pobla de Massaluca, La;Tarragona;España
71209;RIBA-ROJA D'EBRE;41,2485589;0,4810704;CARRETERA TV-7411 - ESTACION FERROCARRIL, S/N;43790;Riba-roja d'Ebre;Tarragona;España
71211;ASCO;41,1823587;0,5690063;PLAÇA DE L'ESTACIO, S/N;43791;Ascó;Tarragona;España
76004;VALLS;41,2895851;1,2587537;PLAÇA DE L'ESTACIO, S/N;43800;Valls;Tarragona;España
71503;TORREDEMBARRA;41,1427985;1,4057036;PASSEIG DE MIRAMAR, 118;43830;Torredembarra;Tarragona;España
65410;SALOU;41,0774589;1,1291961;CALLE CARLES ROIG, S/N;43840;Salou;Tarragona;España
65411;PORT AVENTURA;41,0891944;1,1463882;AVENIDA JOAN FUSTER, S/N;43840;Salou;Tarragona;España
65409;CAMBRILS;41,069347;1,0529506;AVENIDA VIRGEN DE MONTSERRAT, S/N;43850;Cambrils;Tarragona;España
65405;L'AMETLLA DE MAR;40,8861982;0,8004373;CARRER GOYA, S/N;43860;Ametlla de Mar, L';Tarragona;España
72100;RODA DE BARA;41,1839275;1,4401676;CARRETERA TV-2401 - ESTACION DE FERROCARRIL, S/N;43883;Roda de Berà;Tarragona;España
72101;RODA DE MAR;41,1864363;1,4555183;CARRER LES FLORES, S/N;43883;Roda de Berà;Tarragona;España
76001;SALOMO;41,2234726;1,3766084;CARRETERA T-202 - ESTACION FERROCARRIL, S/N;43885;Salomó;Tarragona;España
76002;VILABELLA;41,2395538;1,3174915;CARRETERA TV-2032 - ESTACION FERROCARRIL, S/N;43886;Vilabella;Tarragona;España
76003;NULLES-BRAFIM;41,2503055;1,2975247;PASSEIG L'ESTACIO FERROCARRIL, 1;43887;Nulles;Tarragona;España
65407;L'HOSPITALET DE L'INFANT;40,9958894;0,9207072;CARRER L'ESTACIO FERROCARRIL, S/N;43890;Vandellòs i l'Hospitalet de l'Infant;Tarragona;España
65408;MONT-ROIG DEL CAMP;41,0449873;0,9906773;CARRETERA N-340 - PARTIDA POBLAS, S/N;43892;Mont-roig del Camp;Tarragona;España
65403;CAMARLES-DELTEBRE;40,774744;0,671661;CALLE ESTACION FERROCARRIL, S/N;43894;Camarles;Tarragona;España
65404;L'AMPOLLA-PERELLO-DELTEBRE;40,8120007;0,7082488;PLAÇA FRANCESC MACIA, S/N;43895;Ampolla, L';Tarragona;España
65402;L'ALDEA-AMPOSTA-TORTOSA;40,7535546;0,6142432;CALLE ARRABAL DE RAMON, S/N;43896;Aldea, L';Tarragona;España
65401;CAMP-REDO;40,7591771;0,5558199;CALLE ESTACIO DE FERROCARRIL, S/N;43897;Tortosa;Tarragona;España
67200;TERUEL;40,3410032;-1,1103442;CALLE CAMINO DE LA ESTACION, S/N;44001;Teruel;Teruel;España
67021;CALAMOCHA;40,9034355;-1,3004167;CARRETERA N-234 - ESTACION FERROCARRIL, S/N;44200;Calamocha;Teruel;España
67113;MONREAL DEL CAMPO;40,7965976;-1,3565684;CALLE TERUEL, S/N;44300;Monreal del Campo;Teruel;España
67100;CAMINREAL-FUENTES CLARAS;40,8504763;-1,3380704;CARRETERA CV-4301 - ESTACION FERROCARRIL, S/N;44350;Caminreal;Teruel;España
67105;SANTA EULALIA DEL CAMPO;40,5728311;-1,3130623;BARRIO ESTACION FERROCARRIL, 8;44360;Santa Eulalia;Teruel;España
67107;CELLA;40,4552778;-1,2447801;CALLE ESTACION FERROCARRIL, S/N;44370;Cella;Teruel;España
67101;TORRIJO DEL CAMPO;40,8260035;-1,3405037;CALLE ALEMANIA, S/N;44393;Torrijo del Campo;Teruel;España
67103;VILLAFRANCA DEL CAMPO;40,684065;-1,3578996;CARRETERA TE-V-9024 - ESTACION FERROCARRIL, S/N;44394;Villafranca del Campo;Teruel;España
67202;PUERTO ESCANDON;40,2732626;-0,9845119;CARRETERA N-234, KM. 103 - ESTACION FERROCARRIL, S/N;44442;Puebla de Valverde, La;Teruel;España
67203;PUEBLA DE VALVERDE;40,2123416;-0,9438361;CARRETERA TE-620 - CAMINO ESTACION FERROCARRIL, S/N;44450;Puebla de Valverde, La;Teruel;España
67205;SARRION;40,1462637;-0,8234154;CALLE CAMINO DE LA ESTACION, S/N;44460;Sarrión;Teruel;España
67206;MORA DE RUBIELOS;40,117977;-0,7733837;CALLE ESTACION FERROCARRIL MORA, 1;44477;Mora de Rubielos;Teruel;España
67207;RUBIELOS DE MORA;40,1106445;-0,7408539;CARRETERA TE-V-6005 - ESTACION FERROCARRIL, S/N;44477;Rubielos de Mora;Teruel;España
67017;FERRERUELA;41,0634645;-1,2379394;CARRETERA A-2510 - ESTACION DE FERROCARRIL, S/N;44490;Ferreruela de Huerva;Teruel;España
67016;VILLAHERMOSA;41,1085134;-1,2398555;CARRETERA TE-17 - ESTACION FERROCARRIL, S/N;44494;Villahermosa del Campo;Teruel;España
67018;CUENCABUENA;41,0093948;-1,2546971;CARRETERA TE-19 - ESTACION FERROCARRIL, S/N;44495;Calamocha;Teruel;España
67019;LECHAGO;40,9576557;-1,2690956;AUTOVIA MUDEJAR A-23 - ESTACION FERROCARRIL, S/N;44495;Calamocha;Teruel;España
67020;NAVARRETE;40,9368706;-1,2616324;CARRETERA A-2512 - ESTACION FERROCARRIL, S/N;44496;Calamocha;Teruel;España
71200;LA PUEBLA DE HIJAR;41,224432;-0,438385;PLAZA DEL REINO DE ARAGON, 1;44510;Puebla de Híjar, La;Teruel;España
71201;SAMPER;41,1822141;-0,3687029;CARRETERA ESTACION FERROCARRIL, S/N;44520;Samper de Calanda;Teruel;España
92102;TOLEDO;39,8623647;-4,0112049;CALLE PASEO DE LA ROSA, S/N;45006;Toledo;Toledo;España
35005;ILLESCAS;40,1208723;-3,8423354;PASEO ESTACION FERROCARRIL, S/N;45200;Illescas;Toledo;España
66002;OCAÑA;39,9646427;-3,48602;CALLE ESTACION FERROCARRIL, S/N;45300;Ocaña;Toledo;España
66001;ONTIGOLA;40,0016342;-3,5736938;CALLE CAMINO ESTACION FERROCARRIL, S/N;45340;Ontígola;Toledo;España
66003;NOBLEJAS;39,9725107;-3,4426771;PASEO ESTACION FERROCARRIL, S/N;45350;Noblejas;Toledo;España
66004;VILLARRUBIA DE SANTIAGO;39,9662691;-3,367264;CALLE ESTACION FERROCARRIL, S/N;45360;Villarrubia de Santiago;Toledo;España
66005;SANTA CRUZ DE LA ZARZA;39,9729183;-3,1809388;AVENIDA CASTILLA LA MANCHA, S/N;45370;Santa Cruz de la Zarza;Toledo;España
35105;TORRIJOS;39,9789578;-4,2830853;AVENIDA ESTACION FERROCARRIL, S/N;45500;Torrijos;Toledo;España
35107;ERUSTES;39,9495218;-4,4875523;AVENIDA ESTACION FERROCARRIL, S/N;45540;Erustes;Toledo;España
35203;OROPESA DE TOLEDO;39,9217431;-5,1861473;AVENIDA ESTACION FERROCARRIL, S/N;45560;Oropesa;Toledo;España
35200;TALAVERA DE LA REINA;39,9706129;-4,826512;PASEO ESTACION FERROCARRIL, S/N;45600;Talavera de la Reina;Toledo;España
35109;MONTEARAGON;39,9608322;-4,6465299;PLAZA ESTACION FERROCARRIL, S/N;45685;Montearagón;Toledo;España
60203;VILLASEQUILLA;39,8794911;-3,7285349;PASEO ESTACION FERROCARRIL, S/N;45740;Villasequilla;Toledo;España
60206;TEMBLEQUE;39,7224617;-3,4970336;CALLE CAMINO DE LA CELADILLA, S/N;45770;Tembleque;Toledo;España
60207;EL ROMERAL;39,6940137;-3,4300228;PLAZA ESQUINA DEL CRISTINO, S/N;45770;Romeral, El;Toledo;España
60301;QUERO;39,5041874;-3,2660226;CARRETERA ESTACION FERROCARRIL, S/N;45790;Quero;Toledo;España
60300;VILLACAÑAS;39,6219519;-3,3301228;PASEO ESTACION FERROCARRIL, S/N;45860;Villacañas;Toledo;España
03216;VALENCIA JOAQUIN SOROLLA;39,4600028;-0,3813222;CALLE SAN VICENTE MARTIR, 171;46007;Valencia;Valencia/Valéncia;España
66113;LAS CUEVAS;39,6194064;-1,2841209;CALLE ESTACION FERROCARRIL, S/N;46313;Utiel;Valencia/Valéncia;España
66112;CAMPORROBLES;39,6448311;-1,40283;CALLE ESTACION FERROCARRIL, 1;46330;Camporrobles;Valencia/Valéncia;España
03213;REQUENA-UTIEL;39,5217269;-1,1346669;AUTOVIA A3 - SALIDA 285;46340;Requena;Valencia/Valéncia;España
69002;BENIGANIM;38,9384428;-0,4531915;AVENIDA BALNEARI DE BELLUS, S/N;46830;Benigànim;Valencia/Valéncia;España
69003;LA POBLA DEL DUC;38,915336;-0,4454842;CALLE ESTACION FERROCARRIL, S/N;46840;Pobla del Duc, la;Valencia/Valéncia;España
69006;ALBAIDA;38,8456849;-0,5182685;CALLE ESTACION FERROCARRIL, S/N;46860;Albaida;Valencia/Valéncia;España
69008;ONTINYENT;38,8095064;-0,6025968;CARRETERA CV-6620 - POLIGONO URBANO, 2;46870;Ontinyent;Valencia/Valéncia;España
69007;AGULLENT;38,8305232;-0,551209;CALLE ESTACION FERROCARRIL, S/N;46890;Agullent;Valencia/Valéncia;España
69005;BUFALI;38,8673771;-0,5104955;CALLE ESTACION FERROCARRIL, S/N;46891;Bufali;Valencia/Valéncia;España
69004;MONTABERNER;38,8840538;-0,4915503;AVENIDA ESTACION FERROCARRIL, 20;46892;Montaverner;Valencia/Valéncia;España
69001;GENOVES;38,9741833;-0,4851401;CALLE ESTACION FERROCARRIL, S/N;46894;Genovés;Valencia/Valéncia;España
10600;VALLADOLID-CAMPO GRANDE;41,6422174;-4,7269748;CALLE RECONDO, S/N;47007;Valladolid;Valladolid;España
10610;VALLADOLID UNIVERSIDAD;41,6603;-4,704194;CARRETERA JUAN CARLOS I, S/N;47011;Valladolid;Valladolid;España
10504;VIANA;41,5240754;-4,7545409;CALLE ESTACION FERROCARRIL, S/N;47150;Viana de Cega;Valladolid;España
10501;POZALDEZ;41,3673544;-4,8360354;CALLE ESTACION FERROCARRIL, S/N;47220;Pozaldez;Valladolid;España
10502;MATAPOZUELOS;41,4219131;-4,8013828;CALLE CAMINO ESTACION FERROCARRIL, S/N;47230;Matapozuelos;Valladolid;España
10503;VALDESTILLAS;41,4887255;-4,7729556;AVENIDA VALLADOLID, S/N;47240;Valdestillas;Valladolid;España
10602;CABEZON DEL PISUERGA;41,7372984;-4,6513243;CALLE ESTACION FERROCARRIL, S/N;47260;Cabezón de Pisuerga;Valladolid;España
10603;CORCOS-AGUILAREJO;41,7663972;-4,6233663;CAMINO ESTACION FERROCARRIL, S/N;47281;Corcos;Valladolid;España
10604;CUBILLAS DE SANTA MARTA;41,8089815;-4,5796172;CALLE CAMINO DEL APEADERO, S/N;47290;Cubillas de Santa Marta;Valladolid;España
08240;MEDINA DEL CAMPO A.V.;41,2914;-4,9227;CARRETERA VP-8904 DE LAS SALINAS, KM 1,500;47400;Medina del Campo;Valladolid;España
10500;MEDINA DEL CAMPO;41,3172763;-4,9096181;AVENIDA ESTACION FERROCARRIL, 27;47400;Medina del Campo;Valladolid;España
32001;CAMPILLO;41,259589;-5,0178259;CALLE CAMINO CEMENTERIO, S/N;47460;Campillo, El;Valladolid;España
32002;EL CARPIO;41,2154451;-5,114406;PASEO ISIDORA CARBONERA CALLE HUERTA, 11;47470;Carpio;Valladolid;España
32003;FRESNO EL VIEJO;41,1901362;-5,1379807;CALLE CANDIDO SANCHEZ, 26;47480;Fresno el Viejo;Valladolid;España
31002;NAVA DEL REY;41,3347534;-5,0767733;CALLE JUAN ANTONIO CARMONA, 5;47500;Nava del Rey;Valladolid;España
30200;ZAMORA;41,515937;-5,7397167;CARRETERA DE LA ESTACION, S/N;49004;Zamora;Zamora;España
31104;CARBAJALES DE ALBA;41,6815622;-5,9720564;CARRETERA ZA-P-2439 - ESTACION FERROCARRIL, S/N;49160;Carbajales de Alba;Zamora;España
31200;PUEBLA DE SANABRIA;42,0456228;-6,6266696;CARRETERA ESTACION FERROCARRIL, 24;49300;Puebla de Sanabria;Zamora;España
31106;FERRERUELA DE TABARA;41,764136;-6,0738829;CALLE APEADERO, S/N;49550;Ferreruela;Zamora;España
31107;ABEJERA;41,8094175;-6,1418293;CARRETERA ZA-L-2450 - CALLE ESCUELA - ESTACION FERROCARRIL, S/N;49591;Riofrío de Aliste;Zamora;España
31108;SARRACIN DE ALISTE;41,8483203;-6,205017;CARRETERA ZA-P-1407 - ESTACION FERROCARRIL, S/N;49591;Riofrío de Aliste;Zamora;España
31109;CABAÑAS DE ALISTE;41,8546058;-6,2463492;TRAVESIA PIEDRAS CABAÑAS, S/N;49592;Riofrío de Aliste;Zamora;España
31112;LINAREJOS-PEDROSO;41,9469542;-6,4845953;CARRETERA ZA-P-2640 - ESTACION FERROCARRIL, S/N;49593;Manzanal de Arriba;Zamora;España
31006;TORO;41,5118477;-5,3833163;BARRIO AZUCARERA DUERO - CARRETERA ESTACION, 42;49800;Toro;Zamora;España
70504;ATECA;41,3245706;-1,7852674;AVENIDA SAN BLAS, S/N;50200;Ateca;Zaragoza;España
70500;ARIZA;41,3096622;-2,0595452;CALLE ESTACION FERROCARRIL, S/N;50220;Ariza;Zaragoza;España
70502;ALHAMA DE ARAGON;41,2943546;-1,9042781;CARRETERA ESTACION FERROCARRIL, S/N;50230;Alhama de Aragón;Zaragoza;España
70503;BUBIERCA;41,3172399;-1,8558469;CARRETERA N-II - ESTACION FERROCARRIL, S/N;50239;Bubierca;Zaragoza;España
70605;MORES;41,4786035;-1,5661824;PASEO ESTACION FERROCARRIL, S/N;50240;Morés;Zaragoza;España
70606;PURROY;41,4771806;-1,5400778;CARRETERA ZP-1129 - ESTACION FERROCARRIL, S/N;50247;Morés;Zaragoza;España
70607;MORATA DE JALON;41,4755371;-1,4785739;CALLE ESTACION FERROCARRIL, S/N;50260;Morata de Jalón;Zaragoza;España
70700;RICLA-LA ALMUNIA;41,5014644;-1,402843;AVENIDA GOYA, S/N;50270;Ricla;Zaragoza;España
70701;CALATORAO;41,5286384;-1,3607504;AVENIDA DOTRO CARNICERO, S/N;50280;Calatorao;Zaragoza;España
70703;EPILA;41,609653;-1,3009674;CALLE CAMINO ESTACION FERROCARRIL, S/N;50290;Épila;Zaragoza;España
70405;MONREAL DE ARIZA;41,2986119;-2,1098883;CARRETERA CV-937 - ESTACION FERROCARRIL, S/N;50291;Monreal de Ariza;Zaragoza;España
70501;CETINA;41,2959001;-1,9598888;CALLE PALLARES, S/N;50292;Cetina;Zaragoza;España
70505;TERRER;41,3221944;-1,7084722;CALLE ESTACION FERROCARRIL, S/N;50293;Terrer;Zaragoza;España
70702;SALILLAS DE JALON;41,567595;-1,3259524;AVENIDA ESTACION FERROCARRIL, S/N;50294;Salillas de Jalón;Zaragoza;España
70704;RUEDA DE JALON-LUMPIAQUE;41,6391743;-1,2815663;CARRETERA A-2304 - ESTACION FERROCARRIL, S/N;50295;Rueda de Jalón;Zaragoza;España
70705;PLASENCIA DE JALON;41,6894768;-1,234261;AVENIDA ESTACION FERROCARRIL - BARRIO DE LA VENTA, 6;50296;Plasencia de Jalón;Zaragoza;España
70706;GRISEN;41,7451803;-1,1659036;AVENIDA ESTACION FERROCARRIL, S/N;50297;Grisén;Zaragoza;España
70603;PARACUELLOS-SABIÑAN;41,429389;-1,5677113;CARRETERA CV-901 - ESTACION FERROCARRIL, S/N;50299;Paracuellos de la Ribera;Zaragoza;España
70604;SABIÑAN;41,4440632;-1,5711643;CARRETERA CV-901 - ESTACION FERROCARRIL, S/N;50299;Sabiñán;Zaragoza;España
70600;CALATAYUD;41,3466673;-1,6387414;PLAZA ESTACION FERROCARRIL, S/N;50300;Calatayud;Zaragoza;España
70602;EMBID DE JALON;41,4214023;-1,5931741;CARRETERA CV-901 - ESTACION FERROCARRIL, S/N;50336;Calatayud;Zaragoza;España
67010;CARIÑENA;41,3354867;-1,2285589;CALLE CAMINO ESTACION FERROCARRIL, 1;50400;Cariñena;Zaragoza;España
67004;MARIA DE HUERVA;41,5400975;-0,9974668;CALLE ESTACION FERROCARRIL, S/N;50430;María de Huerva;Zaragoza;España
67007;ARAÑALES DE MUEL;41,4690568;-1,0860655;CALLE ESCALERA ARAÑALES, 8;50450;Muel;Zaragoza;España
67009;LONGARES;41,4044584;-1,1588558;CALLE CAMINO ESTACION FERROCARRIL, S/N;50460;Longares;Zaragoza;España
67011;ENCINACORBA;41,2886981;-1,2786679;CALLE ESTACION FERROCARRIL, 9;50470;Encinacorba;Zaragoza;España
67013;VILLARREAL DE HUERVA;41,1963733;-1,2871356;CALLE CAMINO DE LA ESTACION, S/N;50490;Villarreal de Huerva;Zaragoza;España
67014;VILLADOZ;41,1655526;-1,2788559;CARRETERA A-2509 - ESTACION FERROCARRIL, S/N;50490;Villadoz;Zaragoza;España
67015;BADULES;41,1394432;-1,2515629;CARRETERA A-1506 - CALLE MAYOR, S/N;50491;Badules;Zaragoza;España
81210;ALAGON;41,7713963;-1,1124662;CALLE ESTACION DE FERROCARRIL, S/N;50630;Alagón;Zaragoza;España
81209;CABAÑAS DE EBRO;41,7881077;-1,1677489;CALLE ESTACION FERROCARRIL, S/N;50638;Cabañas de Ebro;Zaragoza;España
81207;LUCENI;41,8262594;-1,2438583;AVENIDA FRANCISCO DE GOYA, 56;50640;Luceni;Zaragoza;España
81206;GALLUR;41,8671808;-1,3212745;CALLE VIRGEN DEL PILAR, 2;50650;Gallur;Zaragoza;España
81208;PEDROLA;41,8050062;-1,2019686;CALLE EDIFICIO DISEMINADOS, 18;50690;Pedrola;Zaragoza;España
71204;CASPE;41,239866;-0,0427502;PLAZA OBISPO CUBELES, 15;50700;Caspe;Zaragoza;España
71205;VAL DE PILAS;41,2295857;0,0732292;CAMINO DE LA FRESA - ESTACION FERROCARRIL, S/N;50709;Caspe;Zaragoza;España
71103;FUENTES DE EBRO;41,5151657;-0,618599;AVENIDA LORENZO PARDO, S/N;50740;Fuentes de Ebro;Zaragoza;España
71105;QUINTO;41,4194178;-0,4907242;CALLE CAMINO DE LA ESTACION, S/N;50770;Quinto;Zaragoza;España
71108;LA ZAIDA-SASTAGO;41,3204871;-0,427001;AVENIDA ZARAGOZA, S/N;50784;Zaida, La;Zaragoza;España
71206;FABARA;41,234438;0,143302;CARRETERA A-144 - ESTACION DE FERROCARRIL, S/N;50793;Fabara;Zaragoza;España
71207;NONASPE;41,213588;0,2419351;CARRETERA A-2411 - ESTACION FERROCARRIL, S/N;50794;Nonaspe;Zaragoza;España
78100;ZUERA;41,8772888;-0,7641418;PLAZA DEL CANFRANC, 8;50800;Zuera;Zaragoza;España
78005;VILLANUEVA DE GALLEGO;41,7656646;-0,822169;CALLE ESTACION FERROCARRIL, S/N;50830;Villanueva de Gállego;Zaragoza;España
03410;ELX ALTA VELOCIDAD;38,24625;-0,76566;CALLE NIEVE, 0;3006;Elche/Elx;Alicante/Alacant;España
56310;HUERCAL-VIATOR;36,88348;-2,43614;CALLE REAL;4230;Huercal de Almería;Almería;España
65422;CAMBRILS;41,06959;1,05292;AVDA. CHARLES DARWIN;43850;Cambrils;Tarragona;España
60420;L'HOSPITALET DE L'INFANT;40,99943;0,9131;PLAÇA DE L'ESTACIÓ;43891;L'Hospitalet de l'Infant;Tarragona;España
08247;SANABRIA ALTA VELOCIDAD;42,04541;-6,56626;CALLE DE LA ESTACIÓN;49320;Palacios de Sanabria;Zamora;España
11602;HENDAYA;43,3523863;-1,7825502;BOULEVARD DU GENERAL DE GAULLE, S/N;;HENDAYA;;Francia
77310;LATOUR DE CAROL;42,459039;1,904475;28 AVENUE DU PUYMORENS;;LATOUR DE CAROL;;Francia
79316;CERBERE;42,4417955;3,1639182;RUE LAMARTINE;;CERBERE;;Francia
87004;LES AUBRAIS ORLEANS;47,925019;1,905508;CANTON DE FLEURY LES AUBRAIS;;LES AUBRAIS ORLEANS;;Francia
87011;PARIS AUSTERLITZ;48,839266;2,368222;55 QUAI D'AUSTERLITZ;;PARIS;;Francia
87013;PARIS GARE LYON;48,844288;2,37367;PLACE LOUIS ARMAND;;PARIS;;Francia
87078;BEZIERS;43,336225;3,219231;BOULEVARD DE VERDUN, 14;;BEZIERS;;Francia
87079;TOULOUSE MATABIAU;43,611439;1,454144;BOULEVARD PIERRE SEMARD, 64;;TOULOUSE;;Francia
87081;POITIERS;46,583303;0,33036;BOULEVARD GRAND CERF;;POITIERS;;Francia
87088;NARBONNE;43,191027;3,005967;BOULEVARD FREDERIC MISTRAL;;NARBONNE;;Francia
87089;MARSEILLE ST CHARLES;43,30349;5,382236;SQUARE NARVIK;;MARSELLE CEDEX;;Francia
87173;MONTPELLIER ST ROCH;43,60583;3,882376;PLACE AUGUSTE GIBERT BP;;MONTPELLIER;;Francia
87175;SETE;43,412808;3,69641;78 PLACE CAMBON;;SETE;;Francia
87176;CARCASSONNE;43,218142;2,351832;AVENUE DU MARECHAL JOFFRE, 1;;CARCASSONNE;;Francia
87287;AGDE;43,317424;3,466125;RUE DE LA DIGUE;;AGDE;;Francia
87302;NIMES;43,832291;4,365845;BOULEVART SERGENT TRIAIRE;;NIMES;;Francia
87303;LYON PART DIEU;45,760281;4,859801;PLACE CHALES BERAUDIER;;LYON;;Francia
87374;PERPIGNAN;42,696073;2,879632;PLACE SALVADOR DALI;;PERPIGNAN;;Francia
87546;BLOIS;47,581543;1,321077;PLACE DE LA GARE, 70;;BLOIS;;Francia
87810;VALENCE TGV RHONE ALPES SUD;44,991545;4,978703;VALENCE CEDEX, 9;;RHONE - ALPES;;Francia
87814;AVIGNON TGV;43,921938;4,785813;PLACE DE L' EUROPE;;AVIGNON;;Francia
87912;AIX EN PROVENCE TGV;43,455268;5,31723;ROUTE DEPARTAMENTALE, 9;;AIX EN PROVENCE;;Francia
22402;VALENÇA DO MINHO;42,03481;-0,64495;AVDA. DO ESPANHA;;VALENÇA DO MINHO;;Portugal
87300;MONTPELLIER SAI;43,60502;3,88072;PLACE AUGUSTE GIBERT;;MONTPELLIER;;Francia
87402;AVIGNON;43,94173;4,80529;BOULEVARD SAINT-ROCH;;AVIGNON;;Francia
87896;AVIGNON TGV;43,92179;4,78588;PLACE DE L'EUROPE;;AVIGNON;;Francia
87901;AIX-EN-PROVENCE TGV;43,45532;5,31722;ROUTE DÉPARTEMENTALE, 9;;AIX-EN-PROVENCE;;Francia
87973;MONTPELLIER SUD DE FRANCE;43,59537;3,92427;RUE DE LA FONTAINE DE LA BANQUIÈRE;;MONTPELLIER;;Francia
94021;NINE;41,45534;-8,54513;CALLE DE LA ESTACION;;VILA NOVA DE FAMALICÃO;;Portugal
94033;VIANA DO CASTELO;41,69517;-8,83134;AVDA. DOS COMBATENTES DA GRANDE GUERRA;;VIANA DO CASTELO;;Portugal
94346;PORTO-CAMPANHA;41,1489;-8,58544;RUA DA ESTAÇÃO;;OPORTO;;Portugal
94401;LISBOA-SANTA APOLONIA;38,71428;-9,12259;AVDA. INFANTE DOM HENRIQUE, 1;;LISBOA;;Portugal
94404;LISBOA-ORIENTE;38,76798;-9,10124;AVDA. DOM JOÃO II;;LISBOA;;Portugal
94428;ENTRONCAMENTO;39,46144;-8,47307;PRAÇA DA REPÚBLICA, 1;;ENTRONCAMENTO;;Portugal
94434;CAXARIAS;39,71438;-8,54516;AVDA. DA ESTAÇÃO;;CAXARIAS;;Portugal
94438;POMBAL;39,91677;-8,63007;AVDA. SALGUEIRO MAIA;;POMBAL;;Portugal
94452;COIMBRA-B;40,22513;-8,441;RUA DO PADRÃO;;COIMBRA;;Portugal
94524;STA. COMBA DAO;40,39071;-8,12442;RUA DA ESTAÇÃO;;VIMIEIRO;;Portugal
94536;MANGUALDE;40,5865;-7,76026;RUA DA ESTAÇÃO;;MANGUALDE;;Portugal
94543;CELORICO-BEIRA;40,6652;-7,38246;LARGO DA ESTAÇÃO DE CAMINHOS DE FERRO;;CELORICO DA BEIRA;;Portugal
94551;GUARDA;40,55271;-7,23984;LARGO 1º DE DEZEMBRO;;GUARDA;;Portugal
94563;VILAR FORMOSO;40,60645;-6,8291;RUA DA ESTAÇÃO;;VILAR FORMOSO;;Portugal
95100;DELICIAS-EMPALME;40,40027;-3,69247;CALLE CRISTO DEL CAMINO;28045;Madrid;;España
