﻿web-scraper-order,web-scraper-start-url,town,likes,category,cost_life_week_person,views,rating
"1739195260-1","https://pueblosacogedores.com/listado-pueblos/","Villatuerta             Verificado","12","Pueblo Mediano (500-2000hab)","220€","807","4.7"
"1739195260-2","https://pueblosacogedores.com/listado-pueblos/","Barbarin             Verificado","6","Pueblo Pequeño (0-500hab)","370€","1527",""
"1739195260-3","https://pueblosacogedores.com/listado-pueblos/","Almanza             Verificado","20","Pueblo Mediano (500-2000hab)","215 €","2020","5.0"
"1739195260-4","https://pueblosacogedores.com/listado-pueblos/","Pobladura de Pelayo García             Verificado","11","Pueblo Pequeño (0-500hab)","120€","2151",""
"1739195260-5","https://pueblosacogedores.com/listado-pueblos/","Arcos de Jalón","6","Pueblo Mediano (500-2000hab)","130€","1950",""
"1739195260-6","https://pueblosacogedores.com/listado-pueblos/","Los Arcos","2","Pueblo Mediano (500-2000hab)","154€","1706",""
"1739195260-7","https://pueblosacogedores.com/listado-pueblos/","Nofuentes             Verificado","5","Pueblo Pequeño (0-500hab)","127€","2207",""
"1739195260-8","https://pueblosacogedores.com/listado-pueblos/","Villar del Salz             Verificado","5","Pueblo Pequeño (0-500hab)","210","1904","4.3"
"1739195260-9","https://pueblosacogedores.com/listado-pueblos/","Gumiel de Izán             Verificado","2","Pueblo Mediano (500-2000hab)","260€","1656",""
"1739195260-10","https://pueblosacogedores.com/listado-pueblos/","Aldea del Obispo             Verificado","7","Pueblo Pequeño (0-500hab)","130€","2507",""
"1739195260-11","https://pueblosacogedores.com/listado-pueblos/","Valoria la Buena             Verificado","7","Pueblo Mediano (500-2000hab)","145€","2276","4.7"
"1739195260-12","https://pueblosacogedores.com/listado-pueblos/","Mandayona             Verificado","9","Pueblo Pequeño (0-500hab)","167€","2874","4.7"
"1739195260-13","https://pueblosacogedores.com/listado-pueblos/","Fabero             Verificado","20","Pueblo Grande (2000-5000hab)","180€","5785","4.7"
"1739195260-14","https://pueblosacogedores.com/listado-pueblos/","Tolox             Verificado","44","Pueblo Grande (2000-5000hab)","150€","7414","4.7"
"1739195260-15","https://pueblosacogedores.com/listado-pueblos/","Tejeda             Verificado","29","Pueblo Mediano (500-2000hab)","240€","7210","4.8"
"1739195260-16","https://pueblosacogedores.com/listado-pueblos/","Arbancón             Verificado","16","Pueblo Pequeño (0-500hab)","142€","4409","4.7"
"1739195260-17","https://pueblosacogedores.com/listado-pueblos/","Legarda             Verificado","9","Pueblo Pequeño (0-500hab)","230€","2807","4.7"
"1739195260-18","https://pueblosacogedores.com/listado-pueblos/","Paredes de Nava             Verificado","19","Pueblo Mediano (500-2000hab)","164€","5694","4.7"
"1739195260-19","https://pueblosacogedores.com/listado-pueblos/","Berbinzana             Verificado","7","Pueblo Mediano (500-2000hab)","220€","2343","5.0"
"1739195260-20","https://pueblosacogedores.com/listado-pueblos/","Orísoain             Verificado","8","Pueblo Pequeño (0-500hab)","297€","3108","5.0"
"1739195260-21","https://pueblosacogedores.com/listado-pueblos/","Letur             Verificado","19","Pueblo Mediano (500-2000hab)","240€","8051","5.0"
"1739195260-22","https://pueblosacogedores.com/listado-pueblos/","Langa de Duero             Verificado","6","Pueblo Mediano (500-2000hab)","242€","1772","5.0"
"1739195260-23","https://pueblosacogedores.com/listado-pueblos/","La Sequera de Haza             Verificado","8","Pueblo Pequeño (0-500hab)","130€","2579","5.0"
"1739195260-24","https://pueblosacogedores.com/listado-pueblos/","Genalguacil             Verificado","38","Pueblo Pequeño (0-500hab)","131€","8703","5.0"
"1739195260-25","https://pueblosacogedores.com/listado-pueblos/","Santa Ana la Real             Verificado","8","Pueblo Pequeño (0-500hab)","245€","4236","5.0"
"1739195260-26","https://pueblosacogedores.com/listado-pueblos/","Elche de la Sierra             Verificado","14","Pueblo Grande (2000-5000hab)","250€","4235","5.0"
"1739195260-27","https://pueblosacogedores.com/listado-pueblos/","Rabanales de Aliste             Verificado","9","Pueblo Pequeño (0-500hab)","270€","2649","5.0"
"1739195260-28","https://pueblosacogedores.com/listado-pueblos/","Covarrubias             Verificado","7","Pueblo Mediano (500-2000hab)","405€","2910","5.0"
"1739195260-29","https://pueblosacogedores.com/listado-pueblos/","Kuartango             Verificado","9","Pueblo Pequeño (0-500hab)","310€","3322","5.0"
"1739195260-30","https://pueblosacogedores.com/listado-pueblos/","Allo             Verificado","12","Pueblo Mediano (500-2000hab)","220€","2938","4.7"
"1739195260-31","https://pueblosacogedores.com/listado-pueblos/","Oliete             Verificado","14","Pueblo Pequeño (0-500hab)","314€","3495","4.7"
"1739195260-32","https://pueblosacogedores.com/listado-pueblos/","Belorado             Verificado","8","Pueblo Mediano (500-2000hab)","160€","2219","4.7"
"1739195260-33","https://pueblosacogedores.com/listado-pueblos/","San Vicente de La Sonsierra             Verificado","25","Pueblo Mediano (500-2000hab)","205€","3190","4.7"
"1739195260-34","https://pueblosacogedores.com/listado-pueblos/","Huete             Verificado","19","Pueblo Mediano (500-2000hab)","161€","3244","4.7"
"1739195260-35","https://pueblosacogedores.com/listado-pueblos/","Santa Colomba de Somoza             Verificado","9","Pueblo Pequeño (0-500hab)","310€","4358","4.7"
"1739195260-36","https://pueblosacogedores.com/listado-pueblos/","Milagro             Verificado","23","Pueblo Grande (2000-5000hab)","280€","5974","4.7"
"1739195260-37","https://pueblosacogedores.com/listado-pueblos/","Sarnago             Verificado","10","Pueblo Pequeño (0-500hab)","159€","3050","4.7"
"1739195260-38","https://pueblosacogedores.com/listado-pueblos/","Madrigal de la Altas Torres             Verificado","14","Pueblo Mediano (500-2000hab)","149€","3941","4.7"
"1739195260-39","https://pueblosacogedores.com/listado-pueblos/","Orea             Verificado","15","Pueblo Pequeño (0-500hab)","130€","3433","4.7"
"1739195260-40","https://pueblosacogedores.com/listado-pueblos/","Caleruega             Verificado","5","Pueblo Pequeño (0-500hab)","184€","1685","4.7"
"1739195260-41","https://pueblosacogedores.com/listado-pueblos/","Nalda             Verificado","7","Pueblo Mediano (500-2000hab)","205€","2651","4.7"
"1739195260-42","https://pueblosacogedores.com/listado-pueblos/","Benarrabá             Verificado","24","Pueblo Pequeño (0-500hab)","392€","6326","4.6"
"1739195260-43","https://pueblosacogedores.com/listado-pueblos/","Sigüenza             Verificado","24","Pueblo Grande (2000-5000hab)","242€","6099","5.0"
"1739195260-44","https://pueblosacogedores.com/listado-pueblos/","El Burgo de Osma             Verificado","108","Pueblo Grande (2000-5000hab)","169€","4378","5.0"
